:020000040800F2
:1000000098150020510300080DA20008FD7A000891
:1000100009A20008F117000851BA0008000000000A
:100020000000000000000000000000001DA3000808
:10003000E5190008000000007DA2000875A3000873
:100040006B0300086B0300086B0300086B030008D8
:100050006B0300086B0300086B0300086B030008C8
:100060006B0300086B0300086B030008F51700081A
:10007000051800081518000825180008351800088C
:1000800045180008551800086B0300086B030008AA
:100090006B0300086B0300086B0300086B03000888
:1000A0006B0300086B03000809A400086B03000839
:1000B0006B0300086B0300086B030008017B00085A
:1000C0006B0300086B0300086B0300086B03000858
:1000D0006B03000821BA000831BA000841BA0008D1
:1000E0006B0300086B0300086B0300086B03000838
:1000F0006B0300086B0300086B0300086B03000828
:100100006B0300086B03000819A400086B030008C8
:1001100035AF00086B03000829A400086B03000832
:10012000751800088518000895180008A51800081B
:10013000B51800086B0300086B0300086B03000888
:100140006B0300086B0300086B0300086B030008D7
:100150006B0300086B0300086B0300086B030008C7
:100160006B0300086B0300086B0300086B030008B7
:100170006B0300086B0300086B0300086B030008A7
:100180006B0300086B0300086B0300086B03000897
:100190006B030008000000006B0300086B030008FD
:1001A0006B0300086B0300086B0300086B03000877
:1001B0006B0300086B0300086B0300086B03000867
:1001C000651800086B0300086B0300086B03000848
:1001D0006B0300086B03000800F002F800F0A8F8B9
:1001E00014A696E8000CB244B344DA4501D100F0FD
:1001F0009FF8BAE80F000FA696E83000A5EB0405BB
:1002000004EB0607AAEB0704A7F101074FEA15154F
:100210004FEA3414A4F10104AC4201D300F088F891
:1002200013F0010F18BFFB1A43F0010300F001F8AF
:10023000DBE7184770DB000090DB0000103A24BFBA
:1002400078C878C1FAD8520724BF30C830C144BF3B
:1002500004680C6070470000704700000023002411
:1002600000250026103A28BF78C1FBD8520728BFC6
:1002700030C148BF0B6070476E2900F0E7817029DC
:1002800000F02B8366290DF0E58465290DF0E284EA
:1002900067290DF0DF8461290DF0DE8403681B0AF5
:1002A00028BF41F08001692900F09481642900F0A1
:1002B0009181752900F08E816F2900F0B98278292B
:1002C00000F0F782E92900F05382E42900F050821F
:1002D000F52900F04D82EF2900F0B682F82900F0F0
:1002E000F6820368DB0928BF41F08001632901F031
:1002F0000380732901F00880E32901F01380F329BA
:1003000001F01880002070471FB50DF096FC01F039
:100310005FF80400002000210DF02EF9401C606001
:10032000002000210DF03EF9E0601FBD10B510BDAA
:1003300001F028F81146FFF7E7FF0CF055FB01F03C
:10034000FDF803B4FFF7F2FF03BC01F03FF9000032
:100350000948804709480047FEE7FEE7FEE7FEE759
:10036000FEE7FEE7FEE7FEE7FEE7FEE70448054995
:10037000054A064B70470000F5A30008D9010008A4
:10038000980F002098150020981100209811002047
:1003900053EA020C00F069802DE9F04B4FF00006A3
:1003A000002B1FBFB3FA83F503FA05F424FA05F610
:1003B0005E4012BF1643B2FA82F502FA05F4C5F1A7
:1003C00020051EBF22FA05FC44EA0C04203556EA3B
:1003D000044C4FEA144418BF641C4FF000084FF05F
:1003E0000009904271EB030C39D3002919BFB1FA0F
:1003F00081F701FA07F6B0FA80F700FA07F6C7F1BD
:1004000020071EBF20FA07FC46EA0C062037B6FB81
:10041000F4FCA7EB0507103F07F01F0BCBF12006FC
:100420002CFA06F60CFA0BFB44BFB3460026202F2D
:10043000A4BF5E464FF0000B5BEA060C08BF4FF00E
:10044000010B19EB0B0948EB0608ABFB027C06FB22
:1004500002CC0BFB03CCC01B71EB0C01C1E70B46BC
:10046000024641464846BDE8F08B13B5084318BF25
:100470004FF0FF300146AFF30080BDE81C407047ED
:100480007CB51D4616460C00009007D04142A142A3
:1004900002D32044401E01E04FF0FF30064B7B4466
:1004A0002A4669460190304600F0E9F8002C02D057
:1004B000009A002111707CBD030200004FF0000281
:1004C00000B5134694469646203922BFA0E80C504A
:1004D000A0E80C50B1F12001BFF4F7AF090728BF25
:1004E000A0E80C5048BF0CC05DF804EB890028BFA1
:1004F00040F8042B08BF704748BF20F8022B11F0CA
:10050000804F18BF00F8012B704770477047704745
:1005100070B5044685690068C10601D5302600E043
:100520002026C00707D070BDD4E90121304690478E
:10053000206A401C20626D1EF6D570BD70B5044661
:1005400085690078C00707D170BDD4E9012120205A
:100550009047206A401C20626D1EF6D570BD096868
:100560004A0501D540B27047C905FCD500B27047B5
:1005700009684A0501D5C0B27047C905FCD580B2EB
:10058000704770B50C460546012A05D028788006CC
:1005900000D5EA69002302E0012305E05B1C9342D9
:1005A00002D2E05C0028F9D1A869E618C01AA86157
:1005B000286A184428622846FFF7AAFF04E0D5E914
:1005C000012114F8010B9047B442F8D32846FFF7F5
:1005D000B5FF70BD2DE9F04106460024106875296D
:1005E000314616A510D0FFF7BAFF002802DA4042C4
:1005F00013A507E031688A0701D512A502E0490773
:1006000004D511A5012401E0FFF7B2FF00210A2261
:1006100006F1240709E0B0FBF2FCB0FBF2F302FBA9
:100620001C00303078541846491C0028F3D123466A
:100630002A463046BDE8F04100F06FBA00000000E5
:100640002D0000002B00000020000000116802684F
:10065000006A530501D508700AE0D30501D508806A
:1006600006E0130603D5C217C1E9000200E00860E6
:100670000120704701694A1C02610878704700B583
:100680008FB0CDE901310021059105497944CDE9CB
:1006900003101146684600F02BF90FB000BD0000B2
:1006A000E5FFFFFFD1E900239A4202D2531C0B6001
:1006B000107070472DE9FF5F15468A460446DFF843
:1006C000AC80F8440027D8E900103E46CDE9001080
:1006D00010E03AF816106A4602A800F02FFE411CFE
:1006E00007D02178890603D5E269391891420DD8DF
:1006F0000744761C2078800602D5E069B84205DD03
:10070000AE42E6DB3AF816000028E2D1A069C01B31
:10071000A0612046FFF7FCFED8E90010CDE90010EB
:10072000002017E03AF818106A4602A800F006FE0A
:10073000B0F1FF3F81460BD000250DF1080B05E01D
:10074000D4E901211BF8050090476D1C4D45F7D3F6
:1007500008F10100B0428046E4DB206A38442062A0
:100760002046FFF7EBFEBDE8FF9F000096D5000096
:100770002DE9F0418046D21D22F007020025D2E982
:100780000002F52915A614D0011E72F1000106DA47
:100790000023D0EB030063EB020211A608E0D8F8B7
:1007A00000108B0701D50FA602E0490701D50EA660
:1007B00001251146002408F1240704E000F068F93F
:1007C00030323A55641C50EA0102F7D12B463246CA
:1007D00021464046BDE8F04100F09FB9000000000E
:1007E0002D0000002B0000002000000030B400218C
:1007F00000F1240408E002F00705D208303542EA8F
:100800004372DB086554491C52EA0305F3D10468BE
:10081000002310A2250708D504F020040C4304D0BF
:10082000C46901230CA2641EC46130BC00F075B918
:1008300010B5044621461068FFF79AFE024620468E
:10084000BDE810400023D1E7D21D22F00701D1E915
:100850000023CBE70000000030000000F0B40D469C
:100860000188090502D5214C7C4402E01F4C7C44E0
:100870000E34002100F1240608E002F00F071209EF
:10088000E75D42EA03721B097754491C52EA0307E9
:10089000F3D102780023120704D5702D06D009B1D8
:1008A000022311342246F0BC00F037B90123103482
:1008B000F8E770B504460D4621461068FFF758FE6C
:1008C000024629462046BDE870400023C6E7D21DF7
:1008D00022F00703D3E90023C0E70368126843F05E
:1008E000200303600823C3610023B7E7F8D30000A7
:1008F0002DE9F05F894604464FF0000ADFF874B135
:10090000FB44C0F820A02046E1688847002874D046
:10091000252806D0D4E901219047206A401C206296
:10092000F1E700265F462046E16888472028054613
:1009300007DB312D05D2781910F8200C08B10643D9
:10094000F1E7B00701D526F00406C4F81CA0002783
:10095000C4F818A02A2D09D028460CF005FE38B39B
:1009600004EB8708303DC8F8185019E059F8041B0B
:10097000204604EB87029161E1688847012F054614
:1009800018D1E069002820DA26F020061DE0D8F80A
:10099000180000EB800005EB40003038C8F8180064
:1009A0002046E168884705460CF0DEFD0028EED1C0
:1009B000012F0AD02E2D08D12046E16888477F1CE0
:1009C0000546022F46F02006C4DBA069002803DAA2
:1009D000404246F00106A061F00701D026F0100663
:1009E0006C2D0BD0682D09D04C2D39D06A2D35D007
:1009F000742D35D07A2D33D016E038E0E1682F46DB
:100A000020468847B842054609D16C2F26D04FF4BE
:100A10008060E168064320468847054604E06C2F65
:100A20001AD04FF4807006430DB3A5F14100192888
:100A300002D8203546F400664A46294620462660FC
:100A40004E46FFF719FC80B101280BD0F61D26F0A9
:100A5000070000F1080956E74020E4E78020D8E7C6
:100A60000020D6E706F104094DE7284652E7206A40
:100A7000BDE8F09F88D300000048704710000020B8
:100A800010B500F0A5FC001D10BD00BFEDCA0000B0
:100A900030B5B0F10A0271F100034FEA900E4EEA50
:100AA000817EB0EB0E0061EB91014FEA101E4EEA21
:100AB000017E10EB0E0041EB11114FEA102E4EEAB1
:100AC000016E10EB0E0041EB11214FEA104E4EEA81
:100AD000014E10EB0E0041EB1141401841F10001B5
:100AE0004FEAD00040EA41704FEAD1014FEA810459
:100AF00044EA907410EB800544EB01046D1944EB5B
:100B00000404521BA3414FF0000348BF0A3200D532
:100B100030BD401C41F1000130BD2DE9F0470D46CC
:100B200099469246044600F124080168880604D5D7
:100B3000E06921F01001216000E00120A84201DD00
:100B4000471B00E00027A1697A1902EB0900081A87
:100B5000A0612078C00602D42046FFF7D9FC002609
:100B600008E0D4E901211AF806009047206A401CE9
:100B7000761C20624E45F4DB2078C0060AD520465C
:100B8000FFF7C6FC06E0D4E9012130209047206A37
:100B9000401C2062381EA7F10107F4DC07E0D4E90D
:100BA000012118F805009047206A401C2062281E89
:100BB000A5F10105F3DC2046FFF7C0FC2078000614
:100BC00002D50220BDE8F0870120FBE72DE9FF4FA9
:100BD0000C461E464FF0FF378BB0D2E90001DDF81E
:100BE00060800A908A46C1F30A5505B93D46002146
:100BF00008464FF00000BAF1000F00F4400005DA9B
:100C000000EB80004FF4400101EA50004FEA905998
:100C1000B9F1010F00DDB9460A9850EA4A000ED03A
:100C200044F61050A5F2FF3545432F14B8F1000FDC
:100C30001ED07542291E1EDDC9F100021CE0B8F16C
:100C4000010F4FF0000001D0302103E0F24305E036
:100C50002154401CB042FBDB3046002200212154CD
:100C60000B99C1F80880C1E900200FB0BDE8F08FF2
:100C7000BD1B6D1CDEE74A4600DA694206A800F09B
:100C8000EBFB06AB93E8070003AB83E80700504695
:100C90000A990CF089F88DE80700A0F500501F387C
:100CA00000900398002D0ADD42F21F014A460844D5
:100CB000002303A9039068460CF0F2FA09E0A0F5BE
:100CC00000504A461F38002303A9039068460CF0E1
:100CD000FCFA8DE807000004000C03D04FF0FF3051
:100CE000410800E01046B8F1000F03D00022009246
:100CF00015461EE0751E05D4FFF7CAFE3032625558
:100D00006D1EF9D5B3460122084302D000227F1C94
:100D100004E02078302801D100227F1E002A0997A4
:100D200084D01DE0112D07DAFFF7B2FE3032625594
:100D30006D1C50EA0102F5D1084302D00098C8B1F9
:100D40000EE00021681E05E0235C625C63542254BF
:100D5000401E491C8142F7DBAB46A81B401E099090
:100D6000002004F80B000B98099AC0F80880C0E92D
:100D7000002B7AE711264FF0000857E72DE9F04FD6
:100D800088460446D21D22F0070191B0D1E9000146
:100D9000CDE90A010CF0D0FB02460B98C00F01D040
:100DA0002D2007E02068810701D52B2002E02021BB
:100DB00001EAC000032A099001D0072A05DB034697
:100DC0004146204600F008FB0BE12078800601D563
:100DD000E06900E00620B8F1650F814606D0B8F161
:100DE000660F18D0B8F1670F70D131E00020B9F16B
:100DF000110F009001DB112301E009F101030AAAA0
:100E000001A90CA8FFF7E2FEDDE90C70002609F14C
:100E10000105834647E001204B4600904FF0004714
:100E20000AAA01A90CA8FFF7D1FEDDE90DB00C99C3
:100E30005D46002610B909F101000D18B9EB050057
:100E400003D4C0F1FF3609F10105A5EB09002BE041
:100E5000B9F1010F01DA4FF001090020B9F1110FCA
:100E60000090484601DD112300E003460AAA01A9CB
:100E70000CA8FFF7ABFEDDE90C704D46002683465B
:100E8000207800070AD4AB4500DA5D4601A8012DA1
:100E900004DD411911F8011C302907D04F4502DA51
:100EA00017F1040F04DA012082460FE06D1EEEE711
:100EB000002F02DCED1B3E4403E0781CA84200DD5D
:100EC0007D1CB81B00F1010A4FF000472078000795
:100ED00003D4AA4501DB4FF0FF3A0021B7F1004FE0
:100EE0000DF143088DF8431024D002202B23002F4E
:100EF00001DA7F422D230A21021EA0F1010000DC4D
:100F00005FB197FBF1FC97FBF1F201FB1C7C1746EC
:100F10000CF1300C08F801CDEEE7A8F101000370E8
:100F20002188090501D5452100E06521A0F10108CE
:100F300000F8011C09980FA9A1EB0807FF1D00B1DB
:100F40000120411901EBEA70A1693844081A401EDA
:100F5000A0612078C00602D42046FFF7D9FA09988C
:100F600028B1D4E901219047206A401C20622078F2
:100F7000C00622D52046FFF7CBFA1EE0002E04DB88
:100F8000B34502DD01A8805D00E03020D4E90121F5
:100F90009047206A401C2062761CAAF101005FEA9B
:100FA000000A0AD100F014FAC0680168405CD4E974
:100FB00001219047206A401C2062281EA5F10105EE
:100FC000DCDC07E0D4E9012118F8010B9047206A26
:100FD000401C2062381EA7F10107F3DC2046FFF712
:100FE000ADFA032011B041E62DE9F04F04460D465D
:100FF000D21D22F0070089B0D0E900974846394653
:101000000CF09AFA0246F80F01D02D2307E0206871
:10101000810701D52B2302E0202101EAC0038DF8CE
:1010200020300BB1012000E00020032A824601D0CD
:10103000072A04DB2946204600F0CEF93FE120785C
:10104000800601D40D2500E0E569C7F30A560D2D91
:1010500049DA00214FEA175B08464FF00000002FE5
:1010600000F4400007DA00EB80004FF4400100EB91
:10107000D07001EA60008115012901DD4FF0FF31D8
:1010800000224FEA850CBCF1180F06D31346ACF1D1
:1010900018004FF08052C24003E04FF4801323FA4F
:1010A0000CF30CF10C0CBCF1200F04D3ACF1200CB0
:1010B00009FA0CF001E007FA0CF000294FF00048A3
:1010C00001DD18B90FE00ED140450CD319EB020930
:1010D0005F4121B9404502D19F4329EA0209BBEB98
:1010E000175F00D0761C2088000502D57B48784425
:1010F00002E07A487844193808AA302302F80A3006
:10110000037C0AF10101002E0AF1020A53546A46D7
:1011100002DC4FF0300101E04FF031014FF00108E7
:101120008DF8001002D0A6F2FF3603E059EA47011D
:1011300000D06B4E002D02DC2178090704D54FF05A
:1011400002082E218DF80110C44600210BE0C7F3E0
:1011500003433F01C35C491C6D1E02F8083005299A
:1011600008F1010801DA002DF1DC00210CE000EBB0
:101170001973491C1B786D1E082902F808304FEAC4
:10118000091908F1010801DA002DF0DC21688B064D
:1011900002D516E0A8F10108E04505DD02EB0803E1
:1011A00013F8013C302BF5D0B8F1000F09DD02EB4C
:1011B000080313F8013C2E2B03D1090701D4A8F131
:1011C0000108002D05DD3E2102F808106D1E08F112
:1011D0000108407C002E02F8080008F1010804DA3A
:1011E0002D20764202F8080002E02B2002F80800C9
:1011F0000A214FF47A70864208F101080BDB96FB56
:10120000F0F3303302F8083096FBF0F308F10108F0
:1012100000FB136601E0642E0CDB642096FBF0F308
:10122000303302F8083096FBF0F308F1010800FBB8
:10123000136601E00A2E06DB96FBF1F0303002F86F
:10124000080008F1010896FBF1F001FB1060303056
:1012500002F80800A16908F1010808EB050202EB99
:101260000A00081AA0612078C00602D42046FFF7C1
:101270004FF9216A08AE01EB0A00206204E0D4E9CC
:10128000012116F8010B9047BAF1010AF7D2207834
:10129000C00602D52046FFF73BF96E4609E016F876
:1012A000010B3E280FD0D4E901219047206A401C51
:1012B0002062B8F10108F2D22046FFF73FF909B0E9
:1012C0000320BDE8F08F206A2844206203E0D4E9BF
:1012D0000121302090476D1EEBD3F8E7BECB000014
:1012E00002FCFFFF10B5436913B1AFF3008001E0CA
:1012F000FFF747F9012010BD127800F124010A70B0
:1013000000224A700122EDE711684FF0FF32E9E751
:1013100010B5436913B1AFF3008001E0FFF7CAF9DC
:10132000012010BD128800F1240182840022C284B1
:101330000122EDE711684FF0FF32E9E72DE9F041B6
:1013400016460C460546FFF79BFB036893F8010120
:10135000012807D0FF2C12D8185D80B101202C7015
:10136000BDE8F081D3F807013246214603F20713A6
:10137000C7182846BC46BDE8F041002360474FF03F
:10138000FF30EDE77546FFF777FBAE46050069468F
:10139000534620F00700854618B020B5FEF7E6FF5B
:1013A000BDE820404FF000064FF000074FF0000866
:1013B0004FF0000BAC46ACE8C009ACE8C009ACE8A3
:1013C000C009ACE8C00921F007018D467047000054
:1013D00000487047300000202DE9F0411F460446C8
:1013E00003260168072A01F4006004DB08B116A592
:1013F00005E016A503E008B115A500E015A521F04C
:1014000010002060A069C01EA0610FB1401EA06145
:101410002046FFF77DF84FB1D4E9012138469047C7
:10142000206A401C2062C01C206206E0206AFAE7A5
:10143000D4E9012115F8010B9047761EF8D2204619
:10144000FFF77CF8BDE8F0814E414E006E616E0002
:10145000494E4600696E66002DE9F0478146164602
:101460008AB0354878440DC88DE80D00324878447C
:10147000801C03AC0DC884E80D0041F69B30084485
:10148000372190FBF1F290FBF1F5A5F1800501FB0E
:1014900012041B3C02D56442012000E00020DFF86A
:1014A00098A080460027FA44AAF1BE0A0EE0E007A1
:1014B0000AD03246684607EB470101230AEB810157
:1014C0000BF003FF8DE8070064107F1C002CEED1A9
:1014D000194F7F44AE3F19E0E80715D007EB041021
:1014E0000DF1180A90E80E008AE80E00C068F0427C
:1014F00001D1981908903246012306A903A80BF0E0
:10150000E4FE03AB83E807006D10641C002DE3D1FB
:101510004FF0010332466946B8F1000F03A802D02C
:101520000BF0BEFE01E00BF0D0FEC9E90001C9F8E6
:1015300008200AB0BDE8F087D8C8000010B50446FE
:10154000AFF300802046BDE81040FEF7FABE000071
:1015500030B44FF0013C50F8042B51F8043BCCFA66
:1015600052F4D51A20D1FCB950F8042B51F8043BA1
:10157000CCFA52F4D51A17D1B4B950F8042B51F85B
:10158000043BCCFA52F4D51A0ED16CB950F8042BA6
:1015900051F8043BCCFA52F4D51A05D1002CDAD01C
:1015A00030BC4FF00000704729BAB1FA81F111F058
:1015B0001801D1F120008440F2D1CA40CB4012F092
:1015C000FF0213F0FF0330BCD01A70470149182006
:1015D000ABBEFEE7260002007047000080B582B077
:1015E00001900198806A00900098C06D10F0500F33
:1015F0004BD1FFE70099C86D40F40070C8650098B2
:10160000006800680007002821D5FFE700980068FF
:1016100007F06AFED0B1FFE700980068C068800458
:10162000002812D4FFE70099C86D20F48070C865C7
:101630000098C06DC004002806D4FFE70099C86D6B
:1016400040F00100C865FFE7FFE7FFE719E00098F9
:101650000068C0688007002812D4FFE70099C86DB1
:1016600020F48070C8650098C06DC004002806D4BE
:10167000FFE70099C86D40F00100C865FFE7FFE78C
:10168000FFE7009800F0AEFF10E00098C06DC006C4
:10169000002804D5FFE7009800F0ACFF05E00098B3
:1016A000406D416B01988847FFE7FFE702B080BDBE
:1016B00080B582B001900198806A00900099C86D51
:1016C00040F04000C8650099086E40F004000866CC
:1016D000009800F08FFF02B080BD000080B582B09E
:1016E00001900198806A0090009800F07FFF02B09E
:1016F00080BD000080B584B002900298006807F0B9
:10170000CBFD00284ED1FFE70298006880683F219A
:10171000C8F2000108420ED0FFE70299C86D40F000
:101720001000C8650299086E40F0010008660120AB
:101730008DF80F003AE00298006807F05FFD01F0B5
:1017400045FF0190FFE7029800680068C00740BBB2
:10175000FFE70298006807F09FFD28B9FFE70298AD
:10176000006807F04BFDFFE701F030FF0199401AD8
:10177000032815D3FFE7029800680068C00770B916
:10178000FFE70299C86D40F01000C8650299086E25
:1017900040F00100086601208DF80F0006E0FFE729
:1017A000D1E7FFE700208DF80F00FFE79DF80F005D
:1017B00004B080BD82B00190ADF8021000208DF819
:1017C0000000FFE7BDF80200411EADF8021050B165
:1017D000FFE70198411C019101789DF80000484005
:1017E0008DF80000EEE79DF8000002B070470000A1
:1017F000FFE7FEE780B540F28040C2F2000001F052
:101800002DFB80BD80B540F2E040C2F2000001F047
:1018100025FB80BD80B540F24050C2F2000001F0CF
:101820001DFB80BD80B540F2A050C2F2000001F067
:1018300015FB80BD80B540F20060C2F2000001F0EF
:101840000DFB80BD80B540F26060C2F2000001F087
:1018500005FB80BD80B540F2C030C2F2000001F04F
:10186000FDFA80BD80B540F22040C2F2000001F0D8
:10187000F5FA80BD80B540F24020C2F2000001F0D0
:10188000EDFA80BD80B540F2A020C2F2000001F068
:10189000E5FA80BD80B540F20030C2F2000001F0F0
:1018A000DDFA80BD80B540F26030C2F2000001F088
:1018B000D5FA80BD80B540F2E010C2F2000001F020
:1018C000CDFA80BD84B003900398006840F20741D0
:1018D000C4F20201884206D8FFE740F60000C4F2D5
:1018E0000200009005E040F62000C4F202000090E3
:1018F000FFE7009802900398007808384CF6CD4135
:10190000CCF6CC41A0FB011000090190029803998C
:101910004A6C22F0030210448864039940F6800068
:10192000C4F20200C864019800F01F010120884041
:101930000399086504B0704782B00190019800795E
:101940000090009940F6FC00C4F2020000EB810018
:1019500001994865019940F64010C4F2020088657B
:101960000098013800F01F01012088400199C865E6
:1019700002B0704784B003900291019200930398E3
:10198000C16C006D48600398406D28B1FFE7039873
:10199000816DC06D4860FFE70398016C406C00F0FA
:1019A0001F02012090404860009803990968486030
:1019B00003988068102809D1FFE701980399096806
:1019C0008860029803990968C86008E00298039942
:1019D00009688860019803990968C860FFE704B046
:1019E000704700007047000081B0EFF3108072B6BE
:1019F0000090FFE7FEE7000080B5AEB02C902B9181
:101A000000208DF8AB002B98006808B1FFE7FFE7D6
:101A1000FFE72C9890F85800012804D1FFE7022036
:101A20008DF8B7005DE12C99012081F85800FFE79F
:101A3000FFE70020259026902C980068B0F1A04F79
:101A400006D1FFE740F20010C5F200000E9015E04D
:101A50002C98006840F20041C5F20001884207D18D
:101A6000FFE740F20050C5F200000E900C9003E03A
:101A700000200E900C90FFE70C98FFE70E9878B9C5
:101A8000FFE72C99C86D40F02000C865FFE72C994E
:101A9000002081F85800FFE701208DF8B70020E111
:101AA0000E9807F019FC0D902C98006807F014FCB4
:101AB000002840F00281FFE70D98002840F0FD80EB
:101AC000FFE72C9801680120B1F1A04F0B900CD0DA
:101AD000FFE72C9800684FF60071CAF6FF710844C2
:101AE000B0FA80F040090B90FFE70B98C10740F275
:101AF0000070C5F2000000291CBF40F20030C5F2A2
:101B0000000029902B980068002872D0FFE72998E0
:101B1000806820F460402B9949682C9A92F838200C
:101B200041EA42310843299988602C9801680120D4
:101B3000B1F1A04F0A900CD0FFE72C9800684FF647
:101B40000071CAF6FF710844B0FA80F040090A90AB
:101B5000FFE70A98C10740F20070C5F200000029B3
:101B60001CBF40F20030C5F2000040F20031C5F267
:101B70000001884210D1FFE74FF0A04007F094FB2E
:101B8000089040F20010C5F2000007F08DFB0146FE
:101B90000898084309901BE040F20040C5F200009D
:101BA00007F082FB069040F20050C5F2000007F0FB
:101BB0007BFB014606980843079040F20060C5F29F
:101BC000000007F071FB0146079808430990FFE702
:101BD000099868B9FFE72998806840F61F71884323
:101BE0002B9A116892681143084329998860FFE78E
:101BF00062E02999886820F4604088602C98016828
:101C00000120B1F1A04F05900CD0FFE72C9800689F
:101C10004FF60071CAF6FF710844B0FA80F040092F
:101C20000590FFE70598C10740F20070C5F200007B
:101C300000291CBF40F20030C5F2000040F2003124
:101C4000C5F20001884210D1FFE74FF0A04007F035
:101C50002BFB039040F20010C5F2000007F024FBBC
:101C600001460398084304901BE040F20040C5F28F
:101C7000000007F019FB019040F20050C5F200008F
:101C800007F012FB014601980843029040F2006001
:101C9000C5F2000007F008FB0146029808430490D3
:101CA000FFE7049838B9FFE72999886840F61F7262
:101CB00090438860FFE7FFE708E02C99C86D40F08B
:101CC0002000C86501208DF8AB00FFE7FFE72C99E5
:101CD000002081F85800FFE79DF8AB008DF8B700B1
:101CE000FFE79DF8B7002EB080BD000080B5C4B0FE
:101CF0002490239100208DF88B001F902398C068BA
:101D00000021C4F27F01884201D0FFE700E0FFE735
:101D1000FFE7249890F85800012805D1FFE702203A
:101D20008DF8970000F059BC2499012081F85800E3
:101D3000FFE7FFE72498006807F0C6FA002840F0A4
:101D40003884FFE72498006823990A68496807F0F7
:101D5000D7FA2498006807F0B7FA1E902498006814
:101D600007F08AFA1D901E98002840F0B881FFE71E
:101D70001D98002840F0B381FFE723988068B0F1F8
:101D8000004F0ED1FFE724980068239909680022CC
:101D900007F0E2FA249800684FF0004107F092FB48
:101DA0000CE024980068239A1168926807F0D4FA2E
:101DB00024980068002107F085FBFFE7239840691D
:101DC00024990968C96801F01801890888402190A0
:101DD0002398006904281CD0FFE724980068239901
:101DE0000A680969219B07F013FB24980068239A6D
:101DF0001169926907F03EFB24980068239A1169E3
:101E0000127F013AB2FA82F25209520607F01EFB23
:101E100064E124980068002107F01EFA400348B9E5
:101E2000FFE724980068002107F016FAC0F38460E9
:101E30001C9018E024980068002107F00DFA90FA31
:101E4000A0F04290429820B9FFE720208DF80F01C2
:101E500005E04298B0FA80F08DF80F01FFE79DF899
:101E60000F011C90FFE71C981B902398006840030B
:101E700030B9FFE723980068C0F384601A9015E03A
:101E80002398006890FAA0F04090409820B9FFE7AE
:101E900020208DF8070105E04098B0FA80F08DF819
:101EA0000701FFE79DF807011A90FFE71B981A99B1
:101EB000884207D1FFE7249800680022114607F006
:101EC000EDFAFFE724980068012107F0C5F9400307
:101ED00048B9FFE724980068012107F0BDF9C0F375
:101EE0008460199018E024980068012107F0B4F983
:101EF00090FAA0F03E903E9820B9FFE720208DF8A0
:101F0000FF0005E03E98B0FA80F08DF8FF00FFE793
:101F10009DF8FF001990FFE7199818902398006822
:101F2000400330B9FFE723980068C0F3846017903E
:101F300015E02398006890FAA0F03C903C9820B9F6
:101F4000FFE720208DF8F70005E03C98B0FA80F01C
:101F50008DF8F700FFE79DF8F7001790FFE7189856
:101F60001799884207D1FFE72498006801210022D1
:101F700007F094FAFFE724980068022107F06CF953
:101F8000400348B9FFE724980068022107F064F98C
:101F9000C0F38460169018E024980068022107F0CE
:101FA0005BF990FAA0F03A903A9820B9FFE7202028
:101FB0008DF8EF0005E03A98B0FA80F08DF8EF0068
:101FC000FFE79DF8EF001690FFE71698159023980D
:101FD0000068400330B9FFE723980068C0F38460CD
:101FE000149015E02398006890FAA0F03890389883
:101FF00020B9FFE720208DF8E70005E03898B0FA17
:1020000080F08DF8E700FFE79DF8E7001490FFE708
:1020100015981499884207D1FFE724980068022197
:10202000002207F03BFAFFE724980068032107F03D
:1020300013F9400348B9FFE724980068032107F02B
:102040000BF9C0F38460139018E024980068032112
:1020500007F002F990FAA0F03690369820B9FFE721
:1020600020208DF8DF0005E03698B0FA80F08DF87A
:10207000DF00FFE79DF8DF001390FFE71398129051
:1020800023980068400330B9FFE723980068C0F345
:102090008460119015E02398006890FAA0F03490C5
:1020A000349820B9FFE720208DF8D70005E0349858
:1020B000B0FA80F08DF8D700FFE79DF8D7001190B7
:1020C000FFE712981199884207D1FFE7249800682A
:1020D0000321002207F0E2F9FFE7FFE7FFE724987A
:1020E000006807F0D9F8002840F04481FFE7249801
:1020F0000068239A1168D26807F04AF92398C068EB
:102100000021C4F27F01884240F03381FFE7249828
:102110000068109023980068400330B9FFE72398C7
:102120000068C0F384600F9015E02398006890FA6F
:10213000A0F03290329820B9FFE720208DF8CF0030
:1021400005E03298B0FA80F08DF8CF00FFE79DF8F7
:10215000CF000F90FFE70F98013000F01F00092813
:102160007DD8FFE723980068400330B9FFE7239844
:102170000068C0F384600E9015E02398006890FA20
:10218000A0F03090309820B9FFE720208DF8C700EC
:1021900005E03098B0FA80F08DF8C700FFE79DF8B1
:1021A000C7000E90FFE70E98013000F01F00800678
:1021B0000D9023980068400330B9FFE7239800682A
:1021C000C0F384600C9015E02398006890FAA0F0AA
:1021D0002E902E9820B9FFE720208DF8BF0005E053
:1021E0002E98B0FA80F08DF8BF00FFE79DF8BF0091
:1021F0000C90FFE70D980C99013101F01F020121AD
:10220000914008430B9023980068400330B9FFE7E2
:1022100023980068C0F384600A9015E02398006852
:1022200090FAA0F02C902C9820B9FFE720208DF890
:10223000B70005E02C98B0FA80F08DF8B700FFE702
:102240009DF8B7000A90FFE70B980A99013101F059
:102250001F0101EB410140EA0150099082E02398FF
:102260000068400330B9FFE723980068C0F384603A
:10227000089015E02398006890FAA0F02A902A9818
:1022800020B9FFE720208DF8AF0005E02A98B0FACA
:1022900080F08DF8AF00FFE79DF8AF000890FFE7F2
:1022A0000898013000F01F0080060790239800680E
:1022B000400330B9FFE723980068C0F384600690BC
:1022C00015E02398006890FAA0F02890289820B98B
:1022D000FFE720208DF8A70005E02898B0FA80F0ED
:1022E0008DF8A700FFE79DF8A7000690FFE7079885
:1022F0000699013101F01F02012191400843059028
:1023000023980068400330B9FFE723980068C0F3C2
:102310008460049015E02398006890FAA0F026905D
:10232000269820B9FFE720208DF89F0005E0269829
:10233000B0FA80F08DF89F00FFE79DF89F000490B1
:10234000FFE705990498013000F01F0000EB400200
:102350000020CFF6206000EB0250084340F00070F0
:102360000990FFE710980999239A926806F0F4FF04
:10237000FFE7FFE72398408848F20801084200F091
:102380001781FFE7249801680120B1F1A04F039065
:102390000CD0FFE7249800684FF60071CAF6FF7171
:1023A0000844B0FA80F040090390FFE70398C107A2
:1023B00040F20070C5F2000000291CBF40F200305E
:1023C000C5F2000006F038FF20902398006840F224
:1023D0000001CCF22131884208D0FFE72398006841
:1023E0001021C9F2C00188425AD1FFE79DF882004E
:1023F0000006002854D4FFE724980068B0F1A04FED
:1024000009D0FFE72498006840F20061C5F200019E
:10241000884244D1FFE7249801680120B1F1A04F20
:1024200002900CD0FFE7249800684FF60071CAF6BE
:10243000FF710844B0FA80F040090290FFE702986B
:10244000C10740F20070C5F2000000291CBF40F235
:102450000030C5F20000209941F4000106F0CAFFE7
:1024600040F20000C2F2000000684FEA901042F60D
:102470006351C0F23E51A0FB01104FEA901000EBF7
:1024800040014FF00C0000EB81001F90FFE71F9808
:1024900020B1FFE71F9801381F90F8E7FFE786E0BB
:1024A000239800680021CCF2527188423ED1FFE7A8
:1024B0009DF88300C007C8BBFFE72498006840F27E
:1024C0000011C5F20001884209D1FFE72498006895
:1024D00040F20051C5F20001884226D0FFE724985F
:1024E00001680120B1F1A04F01900CD0FFE72498C2
:1024F00000684FF60071CAF6FF710844B0FA80F028
:1025000040090190FFE70198C10740F20070C5F251
:10251000000000291CBF40F20030C5F200002099E5
:1025200041F0807106F066FFFFE73FE02398006806
:102530000021CCF68431884236D1FFE79DF8820035
:102540004006002830D4FFE72498006840F20011CC
:10255000C5F20001884226D0FFE7249801680120D7
:10256000B1F1A04F00900CD0FFE7249800684FF61F
:102570000071CAF6FF710844B0FA80F0400900907B
:10258000FFE70098C10740F20070C5F20000002983
:102590001CBF40F20030C5F20000209941F48001D8
:1025A00006F028FFFFE700E0FFE7FFE7FFE7FFE7B0
:1025B00008E02499C86D40F02000C86501208DF81E
:1025C0008B00FFE7FFE72499002081F85800FFE720
:1025D0009DF88B008DF89700FFE79DF8970044B0B9
:1025E00080BD000081B0009001B0704781B00090C4
:1025F00001B0704781B0009001B0704780B58EB0D7
:102600000C9000208DF82F0008900C9820B9FFE75F
:1026100001208DF83700E1E10C98406940B1FFE7F7
:102620000C9890F82400012801D1FFE7FFE7FFE7AD
:102630000C98C06D50B9FFE70C9800F0D3F90C99D5
:10264000002008660C9981F85800FFE70C98006894
:1026500006F01AFE28B1FFE70C98006806F0C2FDEC
:10266000FFE70C98006806F027FEF0B9FFE70C982A
:10267000006806F0D1FD40F20000C2F200000068E0
:10268000800942F66351C0F23E51A0FB011081095E
:10269000022000EB41000890FFE7089820B1FFE717
:1026A000089801380890F8E7FFE70C98006806F0F2
:1026B00003FE70B9FFE70C99C86D40F01000C865C3
:1026C0000C99086E40F00100086601208DF82F007B
:1026D000FFE70C98006806F0F7FD09900C98C06DB4
:1026E000C006002800F16C81FFE70998002840F03F
:1026F0006781FFE70C98C06D40F0020020F4807005
:102700000C99C8650C98006806F0C6FD00287CD1BD
:10271000FFE70C9801680120B1F1A04F05900CD0A3
:10272000FFE70C9800684FF60071CAF6FF71084485
:10273000B0FA80F040090590FFE70598C10740F224
:102740000070C5F2000000291CBF40F20030C5F245
:10275000000040F20031C5F20001884210D1FFE7CD
:102760004FF0A04006F098FD039040F20010C5F233
:10277000000006F091FD01460398084304901BE019
:1027800040F20040C5F2000006F086FD019040F2E4
:102790000050C5F2000006F07FFD01460198084395
:1027A000029040F20060C5F2000006F075FD01469F
:1027B000029808430490FFE7049828BBFFE70C98B1
:1027C00001680120B1F1A04F00900CD0FFE70C98F8
:1027D00000684FF60071CAF6FF710844B0FA80F045
:1027E00040090090FFE70098C10740F20070C5F271
:1027F000000000291CBF40F20030C5F200000C9917
:10280000496806F0E9FDFFE7FFE70C994A7FC86BCE
:1028100040EA42308A68CB681843104391F824108C
:1028200040EA01400A900C9890F8240001280BD14E
:10283000FFE70C98816A0020CFF6FE7000EB414163
:102840000A9808430A90FFE70C98C06A50B1FFE766
:102850000C99C86A096B00F4787001430A98084320
:102860000A90FFE70C980068C06844F20701CFF6B1
:10287000F07108400A9908430C990968C8600C98DF
:102880000068006920F040600C9A1168526B104398
:1028900008610C98006806F017FD07900C98006816
:1028A00006F0EAFC06900798002868D1FFE7069832
:1028B000002864D1FFE70C99087F91F83810800355
:1028C00040EA41000A900C980068C06844F2020196
:1028D00088430A9908430C990968C8600C980069F4
:1028E000A0B1FFE70C980168086940F480300861E6
:1028F0000C980068D0F8C00043F6FF7188430C9A2A
:10290000116812691043C1F8C00011E00C98016809
:10291000086920F4803008610C980068D0F8C00085
:1029200043F6FF7188430C990968C1F8C000FFE7BE
:102930000C9890F84000012819D1FFE70C98006826
:10294000006940F2FD7120EA01020C9B1968586C85
:10295000D3F848E0D3F84CC040EA0E0040EA0C003F
:102960001B6D1843104340F00100086106E00C980D
:102970000168086920F001000861FFE7FFE70C9893
:10298000406901280CD1FFE70C980068006B20F02B
:102990000F000C9A1168126A013A1043086306E0AE
:1029A0000C980168086B20F00F000863FFE70C9893
:1029B000C06D40F0010020F002000C99C86508E0ED
:1029C0000C99C86D40F01000C86501208DF82F00EB
:1029D000FFE79DF82F008DF83700FFE79DF83700DF
:1029E0000EB080BD80B5A0B01F9000201E901D903D
:1029F0001C901B901A9005A85421FDF75FFD1F98AD
:102A0000006840F20041C5F20001884266D1FFE74C
:102A10004FF4803005904FF00040179005A801F06A
:102A200059FB18B1FFE7FEF7DFFFFFE7FFE741F2D1
:102A30004C00C4F20200016841F48041016000686A
:102A400000F4804004900498FFE7FFE741F24C0057
:102A5000C4F20200016841F008010160006800F062
:102A6000080003900398FFE74FF480401A9003207A
:102A70001B90002001901C9040F60040C4F600001E
:102A80001AA900F0C1FB019940F2E010C2F2000067
:102A9000029040F25842C4F20202026025224260D3
:102AA0008160C160802202614FF4807242614FF404
:102AB00080628261C161016200F07CFA18B1FFE7B7
:102AC000FEF792FFFFE7FFE71F9840F2E011C2F226
:102AD000000141651F988862FFE7FFE720B080BDD5
:102AE00080B58AB008900791069208980168012085
:102AF000B1F1A04F03900CD0FFE7089800684FF6A3
:102B00000071CAF6FF710844B0FA80F040090390E2
:102B1000FFE70398C10740F20070C5F200000029EA
:102B20001CBF40F20030C5F2000006F08DFB04909F
:102B30000898006806F0C8FB002840F0CA80FFE74C
:102B4000FFE7089890F85800012804D1FFE7022019
:102B50008DF82700C6E00899012081F85800FFE7AA
:102B6000FFE70898006840F20061C5F20001884262
:102B70000CD0FFE7049848B1FFE70498052805D07A
:102B8000FFE70498092840F09980FFE70898FEF7CE
:102B9000B1FD8DF817009DF81700002840F08680E1
:102BA000FFE70898C06D40F4807040F601618843EB
:102BB0000899C8650898006840F20011C5F2000144
:102BC000884204D1FFE74FF0A040029015E008983A
:102BD000006840F20051C5F20001884206D1FFE7CB
:102BE00040F20040C5F20000019003E00898006840
:102BF0000190FFE701980290FFE7029808990968A1
:102C0000884203D0FFE7049830B9FFE70899C86D00
:102C100020F48010C865FFE70898C06DC004002844
:102C200006D5FFE70899086E20F00600086603E065
:102C3000089900200866FFE70898416D41F2DD50D1
:102C4000C0F60000C8620898416D41F2DD60C0F630
:102C5000000008630898416D41F2B160C0F60000C1
:102C60004863089801681C200860FFE70899002065
:102C700081F85800FFE708980168486840F01000A4
:102C8000486008980168C86840F00100C86008986A
:102C90000168406D4031079A069B00F037FA8DF8C5
:102CA00017000898006806F049FB06E0FFE708995E
:102CB000002081F85800FFE7FFE709E001208DF8C8
:102CC0001700FFE70899002081F85800FFE7FFE7A9
:102CD00003E002208DF81700FFE79DF817008DF83C
:102CE0002700FFE79DF827000AB080BD82B0019061
:102CF00000208DF80300019890F82500022807D0E5
:102D0000FFE701990420C86301208DF803002DE03E
:102D100001980168086820F00E0008600198816C35
:102D2000086820F48070086001980168086820F045
:102D3000010008600198016C406C00F01F02012046
:102D4000904048600198C16C006D48600198406DEA
:102D500058B1FFE70198416D086820F48070086061
:102D60000198816DC06D4860FFE7FFE70199012080
:102D700081F82500FFE70199002081F82400FFE792
:102D80009DF8030002B0704780B582B0019000202A
:102D90008DF80300019890F82500022811D0FFE774
:102DA00001990420C8630199012081F82500FFE7FB
:102DB0000199002081F82400FFE701208DF803002D
:102DC0003FE001980168086820F00E000860019853
:102DD0000168086820F0010008600198816C0868AB
:102DE00020F4807008600198016C406C00F01F02B4
:102DF0000120904048600198C16C006D48600198C6
:102E0000406D58B1FFE70198416D086820F480706B
:102E100008600198816DC06D4860FFE7019901204D
:102E200081F82500FFE70199002081F82400FFE7E1
:102E30000198806B20B1FFE70198816B8847FFE71D
:102E4000FFE79DF8030002B080BD000081B0009054
:102E5000009890F8250001B07047000080B584B05C
:102E600003900398006C0068029003980068006863
:102E7000019002980399496C01F01F01C840400776
:102E8000002825D5FFE79DF80400400700281FD53E
:102E9000FFE70398006800688006002807D4FFE772
:102EA00003980168086820F004000860FFE70398B1
:102EB000016C406C00F01F020420904048600398B1
:102EC000006B20B1FFE70398016B8847FFE76EE0D6
:102ED00002980399496C01F01F01C840800700283F
:102EE0002FD5FFE79DF804008007002829D5FFE7CC
:102EF000039800680068800600280BD4FFE7039859
:102F00000168086820F00A0008600399012081F830
:102F10002500FFE70398016C406C00F01F020220BF
:102F200090404860FFE70399002081F82400FFE704
:102F30000398C06A20B1FFE70398C16A8847FFE79A
:102F400034E002980399496C01F01F01C840000762
:102F5000002829D5FFE79DF804000007002823D5A5
:102F6000FFE703980168086820F00E0008600398E6
:102F7000026C406C00F01F01012000FA01F1516069
:102F80000399C863039981F82500FFE7039900209E
:102F900081F82400FFE70398406B20B1FFE7039816
:102FA000416B8847FFE700E0FFE7FFE7FFE704B07A
:102FB00080BD000080B584B00290029820B9FFE780
:102FC00001208DF80F009CE00298006840F2074154
:102FD000C4F20201884218D8FFE7029908684FF648
:102FE000F872CBF6FD7210444CF6CD42CCF6CC42D2
:102FF000A0FB02026FF0030000EA9200486402990D
:103000000020C4F20200086418E0029908684FF634
:10301000F832CBF6FD7210444CF6CD42CCF6CC42E1
:10302000A0FB02026FF0030000EA920048640299DC
:1030300040F20040C4F202000864FFE70299022057
:1030400081F825000298006800680190019847F611
:10305000F0718843019002998868D1F80CC00B691F
:103060004A6940EA0C00184310438A691043CA6950
:103070001043096A0143019808430190019802999D
:10308000096808600298FEF71DFC02988068B0F598
:10309000804F04D1FFE7029900204860FFE70299C2
:1030A0000879896C08600298C16C006D48600298CC
:1030B000406888B1FFE70298406804280CD8FFE711
:1030C0000298FEF739FC0298416D002008600298D2
:1030D000816DC06D486007E0029900204865029943
:1030E00088650299C865FFE702990020C863029AC3
:1030F000012182F82510029981F824008DF80F0033
:10310000FFE79DF80F0004B080BD000080B586B0D9
:10311000049003910292019300208DF80300FFE7D1
:10312000049890F82400012804D1FFE702208DF8CC
:10313000170065E00499012081F82400FFE7FFE70C
:10314000049890F8250001284BD1FFE7049902204C
:1031500081F8250004990020C86304980168086874
:1031600020F00100086004980399029A019BFEF781
:1031700001FC0498006B38B1FFE704980168086807
:1031800040F00E0008600CE004980168086820F028
:103190000400086004980168086840F00A000860AC
:1031A000FFE70498806C0068C003002807D5FFE79C
:1031B0000498816C086840F480700860FFE7049808
:1031C000406D38B1FFE70498416D086840F48070A5
:1031D0000860FFE704980168086840F00100086093
:1031E00009E0FFE70499002081F82400FFE70220AE
:1031F0008DF80300FFE79DF803008DF81700FFE747
:103200009DF8170006B080BD8BB00A900991002090
:103210000890FFE7099800680899C840002800F066
:10322000A581FFE709980068089A012191400840AC
:1032300007900798002800F09581FFE709984068FB
:1032400000F00300012807D0FFE70998406800F06C
:10325000030002282FD1FFE70A988068069008989B
:103260004100032000FA01F106988843069009986E
:10327000C0680899490000FA01F1069808430690D1
:1032800006980A9988600A98406806900899012073
:1032900000FA01F106988843069009984068C0F347
:1032A0000010089900FA01F1069808430690069864
:1032B0000A994860FFE70998406800F00300032876
:1032C00018D0FFE70A98C0680690089841000320CC
:1032D00000FA01F1069888430690099880680899D9
:1032E000490000FA01F106980843069006980A99E9
:1032F000C860FFE70998406800F00300022826D163
:10330000FFE70A9808996FF0030202EA51010844A6
:10331000006A0690089800F0070081000F2000FA6C
:1033200001F106988843069009980069089901F010
:103330000701890000FA01F10698084306900698F3
:103340000A99089B02EA530211440862FFE70A98AF
:103350000068069008984100032000FA01F10698E1
:10336000884306900998406800F0030008994900D6
:1033700000FA01F106980843069006980A99086039
:10338000099880798007002800F0EB80FFE7FFE7CD
:1033900041F26000C4F20200016841F001010160E5
:1033A000006800F0010005900598FFE7089820F0FC
:1033B00003000821C4F2010140580690089800F06B
:1033C000030081000F2000FA01F10698884306905F
:1033D0000A98B0F1904F03D1FFE70020049042E03B
:1033E0000A9840F20041C4F60001884203D1FFE789
:1033F0000120039034E00A9840F60001C4F6000171
:10340000884203D1FFE70220029026E00A9840F6A6
:103410000041C4F60001884203D1FFE70320019078
:1034200018E00A9841F20001C4F60001884203D175
:10343000FFE7042000900AE00A9941F20042C4F636
:1034400000020620914208BF05200090FFE7009887
:103450000190FFE701980290FFE702980390FFE7D1
:1034600003980490FFE70498089901F0030189008C
:1034700000FA01F10698084306900698089921F091
:1034800003010822C4F20102885040F20840C4F24D
:1034900001000068069007990698884306900998ED
:1034A0008079C006002805D5FFE7079906980843EC
:1034B0000690FFE7069840F20841C4F20101086057
:1034C00040F20C40C4F2010000680690079906988B
:1034D00088430690099880798006002805D5FFE783
:1034E0000799069808430690FFE7069840F20C41BA
:1034F000C4F20101086040F20440C4F20100006817
:103500000690079906988843069009988079800765
:10351000002805D5FFE70799069808430690FFE7BE
:10352000069840F20441C4F20101086040F20040F4
:10353000C4F2010000680690079906988843069037
:1035400009988079C00728B1FFE7079906980843D2
:103550000690FFE7069840F20041C4F201010860BE
:10356000FFE7FFE708980130089053E60BB070477B
:1035700082B00190ADF8021001980069BDF8021008
:10358000084204D0FFE701208DF8010003E000208D
:103590008DF80100FFE79DF8010002B070470000C0
:1035A00082B00190ADF802108DF801209DF8010065
:1035B00028B1FFE7BDF802000199886104E0BDF879
:1035C000020001998862FFE702B0704740F69470EC
:1035D000C2F200000068704783B00190009101982A
:1035E00090F8410020283BD1FFE7FFE7019890F8D1
:1035F0004000012804D1FFE702208DF80B0033E0E2
:103600000199012081F84000FFE7FFE7019924209C
:1036100081F8410001980168086820F00100086005
:1036200001980168086820F480500860009A0198A9
:10363000016808681043086001980168086840F054
:10364000010008600199202081F84100FFE70199FD
:10365000002081F84000FFE700208DF80B0003E018
:1036600002208DF80B00FFE79DF80B0003B07047B8
:1036700084B002900191029890F84100202840D136
:10368000FFE7FFE7029890F84000012804D1FFE728
:1036900002208DF80F0038E00299012081F84000E7
:1036A000FFE7FFE70299242081F8410002980168B2
:1036B000086820F001000860029800680068009027
:1036C000009820F4706000900199009840EA012071
:1036D00000900098029909680860029801680868DB
:1036E00040F0010008600299202081F84100FFE7C6
:1036F0000299002081F84000FFE700208DF80F00BC
:1037000003E002208DF80F00FFE79DF80F0004B0E2
:103710007047000081B0009001B0704782B0019006
:103720008DF80310ADF8002002B0704780B584B06A
:10373000039003980068806902900398006800680D
:1037400001900398406B30B1FFE70398436B0299F7
:10375000019A9847FFE704B080BD000081B0009057
:1037600001B0704780B582B00090009820B9FFE7A3
:1037700001208DF8070073E0009890F8410040B9EF
:10378000FFE70099002081F84000009800F09EF9C2
:10379000FFE70099242081F841000098016808683B
:1037A00020F00100086000980168406820F0706017
:1037B000086100980168886820F4004088600098DB
:1037C000C068012807D1FFE700980168806840F4CD
:1037D0000040886006E000980168806840F404407A
:1037E0008860FFE70098C068022806D1FFE70098CC
:1037F00001684FF400604860FFE70098016848687E
:1038000048F20002C0F200221043486000980168AC
:10381000C86820F40040C860009A116810695369B4
:103820009269184340EA0220C860009A1168D06982
:10383000126A1043086000980168086840F00100AF
:103840000860009900204864009A202182F8411005
:1038500000990863009981F842008DF80700FFE79E
:103860009DF8070002B080BD81B0009001B07047A4
:1038700081B0009001B0704781B0009001B07047F6
:1038800081B0009001B0704781B0009001B07047E6
:1038900080B58AB084460D98DDF830E0CDF820C0C0
:1038A000ADF81E10ADF81C20ADF81A30ADF81800B8
:1038B000089890F84100202840F00081FFE70C981C
:1038C00020B1FFE7BDF8180040B9FFE708994FF4B1
:1038D0000070486401208DF82700F3E00898006824
:1038E000806981B20120B0EBD13F04D1FFE7022013
:1038F0008DF82700E6E0FFE7089890F840000128DF
:1039000004D1FFE702208DF82700DBE008990120B1
:1039100081F84000FFE7FFE7FFF758FE05900899A0
:10392000222081F841000899402081F8420008993E
:10393000002048640C9808994862BDF8180008995E
:10394000488508990020CFF6FF70C862089948F6AC
:10395000A100C0F6000048630898408DB0F5807F54
:1039600007D3FFE70899FF2008854FF08070049087
:1039700007E00898408D089908854FF00070049082
:10398000FFE70898BDF81E10BDF81C20BDF81A30DE
:10399000DDF814C0EE46CEF804C04FF0190CCEF896
:1039A00000C005F095F850B1FFE7FFE70899002047
:1039B00081F84000FFE701208DF8270082E0089899
:1039C000C06B00B3FFE70898C16B47F67130C0F6D3
:1039D0000000C8620898C16B47F64D30C0F6000081
:1039E00048630898C16B002008630899C96B886315
:1039F000089B1968D86B24310C9A1B8DFFF786FB46
:103A00008DF80F0016E00899202081F841000899F0
:103A1000002081F842000899486C40F0800048641A
:103A2000FFE70899002081F84000FFE701208DF8AA
:103A3000270047E09DF80F0028BBFFE70898BDF876
:103A40001E1090F82820049BEE4642F2004CC8F26B
:103A5000000CCEF800C005F0DDFA08990A8D488DFB
:103A6000801A4885FFE70899002081F84000FFE7A9
:103A70000898102104F022F908980168086840F4B9
:103A80000040086016E00899202081F8410008995C
:103A9000002081F842000899486C40F0100048640A
:103AA000FFE70899002081F84000FFE701208DF82A
:103AB000270007E000208DF8270003E002208DF8A2
:103AC0002700FFE79DF827000AB080BD80B5AAB0A7
:103AD00029900020289027902690259024900FA8C8
:103AE0005421FCF7EBFC2998006845F20041C4F230
:103AF0000001884240F0B680FFE740200F90002090
:103B000016900FA800F0E6FA18B1FFE7FDF76CFF7A
:103B1000FFE7FFE741F24C00C4F20200016841F008
:103B200001010160006800F001000E900E98FFE7AF
:103B3000FFE741F24C00C4F20200016841F00201CB
:103B40000160006800F002000D900D98FFE74FF44F
:103B50000040249012200690259000200790269087
:103B600027900420089028904FF0904024A90991B4
:103B7000FFF74AFB069B079A089809994FF4007CC7
:103B8000CDF890C0259326922792289040F20040CD
:103B9000C4F60000FFF738FBFFE741F25800C4F21B
:103BA0000200016841F400110160006800F4001097
:103BB0000C900C98FFE740F24020C2F20000059004
:103BC00040F20841C4F2020101601021416000216D
:103BD0008160C1608022026141618161C1610162D5
:103BE000FFF7E8F918B1FFE7FDF7FEFEFFE7FFE793
:103BF000299840F24021C2F20001C16329988862ED
:103C0000FFE740F2A020C2F20000049040F21C4105
:103C1000C4F2020101601121416010218160002184
:103C2000C1608022026141618161C1610162FFF76F
:103C3000C1F918B1FFE7FDF7D7FEFFE7FFE72998C5
:103C400040F2A021C2F20001816329988862FFE757
:103C50001F2003900022114600F038F9039800F06D
:103C60002BF991E02998006845F60001C4F20001A3
:103C7000884240F08880FFE780200F900020179056
:103C80000FA800F027FA18B1FFE7FDF7ADFEFFE738
:103C9000FFE741F24C00C4F20200016841F001016B
:103CA0000160006800F001000B900B98FFE74FF4F3
:103CB0004070249012202590002026902790042008
:103CC00028904FF0904024A9FFF79EFAFFE741F2B9
:103CD0005800C4F20200016841F4800101600068EC
:103CE00000F480000A900A98FFE740F20030C2F228
:103CF0000000029040F23041C4F202010160122142
:103D0000416000218160C160802202614161816166
:103D1000C1610162FFF74EF918B1FFE7FDF764FEDC
:103D2000FFE7FFE7299840F20031C2F20001C163CA
:103D300029988862FFE740F26030C2F200000190EB
:103D400040F24441C4F2020101601321416010219C
:103D500081600021C1608022026141618161C16195
:103D60000162FFF727F918B1FFE7FDF73DFEFFE716
:103D7000FFE7299840F26031C2F20001816329987F
:103D80008862FFE7FFE7FFE72AB080BD81B00090BF
:103D900001B0704781B0009001B0704740F204005C
:103DA000C2F20000026840F69471C2F20001086895
:103DB000104408607047000080B582B000208DF884
:103DC0000700032000F09AF80F2000F00DF820B152
:103DD000FFE701208DF8070002E000F049F8FFE757
:103DE0009DF8070002B080BD80B582B00190002030
:103DF0008DF8030040F20400C2F20000006878B3BE
:103E0000FFE740F20000C2F20000006840F2040147
:103E1000C2F200010A684FF47A71B1FBF2F1B0FB13
:103E2000F1F001F0F3FAB0B9FFE701980F280DD8CF
:103E3000FFE701994FF0FF30002200F047F80198AA
:103E400040F20801C2F20001086003E001208DF891
:103E50000300FFE703E001208DF80300FFE703E024
:103E600001208DF80300FFE79DF8030002B080BD3C
:103E700080B582B0FFE741F26000C4F20200016841
:103E800041F001010160006800F00100019001981B
:103E9000FFE7FFE741F25800C4F20200016841F079
:103EA00080510160006800F0805000900098FFE7AA
:103EB00000F006F902B080BD80B582B08DF8070031
:103EC0009DF9070007F0C6FD02B080BD80B586B041
:103ED0008DF817000491039207F0D4FD02909DF92C
:103EE0001700019002980499039A06F091F901468F
:103EF000019807F0CFFD06B080BD000080B582B00C
:103F00000190019807F0E8FD02B080BD85B00390F4
:103F1000039800285ED1FFE747F20000C4F20000DA
:103F2000006800F4C060B0F5806F49D1FFE747F248
:103F30008001C4F20001086820F48070086047F234
:103F40000002C4F200021168012060F34A211160EE
:103F500040F20001C2F200010968322251434DF6DD
:103F60008362C4F21B32A1FB022100EB914002905C
:103F7000FFE747F21400C4F2000001680020490581
:103F80000029019006D5FFE70298002818BF0120FC
:103F90000190FFE70198C00720B1FFE702980138C0
:103FA0000290E6E747F21400C4F200000068400502
:103FB000002804D5FFE703208DF813007CE008E01B
:103FC00047F28001C4F20001086820F480700860A4
:103FD000FFE76DE00398B0F5007F5ED1FFE747F2A1
:103FE0000000C4F20000006800F4C060B0F5806F0B
:103FF00049D1FFE747F28001C4F20001086840F4AC
:104000008070086047F20002C4F2000211680120CB
:1040100060F34A21116040F20001C2F20001096818
:10402000322251434DF68362C4F21B32A1FB0221BE
:1040300000EB91400290FFE747F21400C4F2000049
:104040000168002049050029009006D5FFE7029885
:10405000002818BF01200090FFE70098C00720B19A
:10406000FFE7029801380290E6E747F21400C4F235
:10407000000000684005002804D5FFE703208DF804
:10408000130019E008E047F28001C4F2000108685B
:1040900040F480700860FFE709E047F20001C4F2D5
:1040A00000010868022262F34A200860FFE7FFE788
:1040B00000208DF81300FFE79DF8130005B070474E
:1040C00047F20801C4F20001086840F4804008602B
:1040D0007047000080B586B0059000208DF80B0079
:1040E0008DF80A00059880780007002840F1B58017
:1040F000FFE700208DF8090041F25800C4F20200E9
:104100000068C000002813D4FFE7FFE741F2580021
:10411000C4F20200016841F080510160006800F0C3
:10412000805001900198FFE701208DF80900FFE71A
:1041300047F20001C4F20001086840F48070086092
:10414000FFF744FA0390FFE747F20000C4F20000D3
:104150000068C00500280CD4FFE7FFF737FA039981
:10416000401A032804D3FFE703208DF80B0000E07A
:10417000EAE79DF80B0000285BD1FFE741F29000D1
:10418000C4F20200006800F4407004900498C8B1C2
:10419000FFE704980599096D884213D0FFE741F2C3
:1041A0009001C4F20201086820F44070049008688D
:1041B00040F480300860086820F48030086004987B
:1041C0000860FFE79DF81000C007E0B1FFE7FFF7C8
:1041D000FDF90390FFE741F29000C4F2020000688D
:1041E000800700280ED4FFE7FFF7F0F90399401A83
:1041F00041F28931884204D3FFE703208DF80B0098
:1042000000E0E8E7FFE79DF80B0060B9FFE741F247
:104210009001C4F20201086820F44070059A126D02
:104220001043086004E09DF80B008DF80A00FFE7DA
:1042300004E09DF80B008DF80A00FFE79DF80900E7
:10424000012809D1FFE741F25801C4F202010868D0
:1042500020F080500860FFE7FFE705980078C0076E
:1042600060B1FFE741F28801C4F20201086820F062
:104270000300059A526810430860FFE7059800782C
:10428000800700280CD5FFE741F28801C4F2020143
:10429000086820F00C00059A926810430860FFE758
:1042A00005980078400700280CD5FFE741F2880107
:1042B000C4F20201086820F03000059AD268104369
:1042C0000860FFE705980078000700280CD5FFE795
:1042D00041F28801C4F20201086820F0C000059A8A
:1042E000126910430860FFE705980078C0060028AF
:1042F0000CD5FFE741F28801C4F20201086820F4FE
:104300004070059A526910430860FFE705980078ED
:10431000800600280CD5FFE741F28801C4F20201B3
:10432000086820F44060059A926910430860FFE72E
:1043300005980078400600280CD5FFE741F2880177
:10434000C4F20201086820F44050059AD269104373
:104350000860FFE705980078000600280CD5FFE705
:1043600041F28801C4F20201086820F44040059A35
:10437000126A10430860FFE705984078C00760B1F3
:10438000FFE741F28801C4F20201086820F44030DE
:10439000059A526A10430860FFE705988078800705
:1043A00000280CD5FFE741F29C01C4F20201086825
:1043B00020F00300059A926A10430860FFE7059811
:1043C0004078800700280CD5FFE741F28801C4F24D
:1043D0000201086820F44020059AD26A1043086060
:1043E000FFE705984078400700281BD5FFE741F21A
:1043F0008801C4F20201086820F44010059A126B8B
:10440000104308600598006BB0F5801F09D1FFE7E5
:1044100041F20C01C4F20201086840F48010086007
:10442000FFE7FFE705984078000700281BD5FFE766
:1044300041F28801C4F20201086820F44000059AA4
:10444000526B104308600598406BB0F5800F09D19E
:10445000FFE741F20C01C4F20201086840F4801049
:104460000860FFE7FFE705984078C00600281BD5E5
:10447000FFE741F28801C4F20201086820F04070B1
:10448000059A926B104308600598806BB0F1807FAD
:1044900009D1FFE741F20C01C4F20201086840F4BF
:1044A00080100860FFE7FFE7059840788006002845
:1044B0001BD5FFE741F28801C4F20201086820F031
:1044C0004060059AD26B104308600598C06BB0F14C
:1044D000006F09D1FFE741F20C01C4F20201086844
:1044E00040F480100860FFE7FFE705984078400639
:1044F00000281BD5FFE741F28801C4F202010868D9
:1045000020F04060059A126C104308600598006C1A
:10451000B0F1006F09D1FFE741F20C01C4F20201D2
:10452000086840F480100860FFE7FFE705984078CE
:10453000000600281BD5FFE741F28801C4F2020102
:10454000086820F04050059A526C104308600598A6
:10455000406CB0F1805F09D1FFE741F20C01C4F279
:104560000201086840F480300860FFE7FFE7059823
:104570008078C007D8B1FFE741F28801C4F2020198
:10458000086820F04040059A926C10430860059836
:10459000806CB0F1804F09D1FFE741F20C01C4F209
:1045A0000201086840F480300860FFE7FFE70598E3
:1045B0008078400700281BD5FFE741F29C01C4F238
:1045C0000201086820F44010059AD26C104308607C
:1045D0000598C06CB0F5001F09D1FFE741F20C014E
:1045E000C4F20201086840F480100860FFE7FFE7AA
:1045F0009DF80A0006B080BD80B586B00490039196
:1046000000200090049820B9FFE701208DF81700E2
:1046100081E1039842F20001C4F20201096801F04D
:104620000F01884216D9FFE742F20000C4F20200EF
:10463000016821F00F01039A11430160006800F046
:104640000F000399884204D0FFE701208DF817007E
:1046500061E1FFE704980078C007002800F0A3801C
:10466000FFE704984068032839D1FFE741F20000D2
:10467000C4F2020000688001002804D4FFE7012092
:104680008DF8170047E105F0FBFD019001984BF212
:104690000141C0F2C441884220D3FFE741F2080043
:1046A000C4F20200006810F0F00F0AD0FFE704988F
:1046B00000788007002810D5FFE70498806860B96B
:1046C000FFE741F20801C4F202010868082262F320
:1046D0000710086080200090FFE7FFE738E00498AB
:1046E000406802280ED1FFE741F20000C4F2020048
:1046F00000688003002804D4FFE701208DF817002C
:1047000009E10DE041F20000C4F20200006840053A
:10471000002804D4FFE701208DF81700FBE0FFE735
:1047200000F02CF9019001984BF20141C0F2C44114
:1047300088420CD3FFE741F20801C4F20201086885
:10474000082262F30710086080200090FFE7FFE76F
:1047500041F20801C4F20201086820F00300049A43
:10476000526810430860FEF731FF0290FFE741F204
:104770000800C4F20200006800F00C0004994968C7
:10478000B0EB810F0ED0FFE7FEF720FF0299401A31
:1047900041F28931884204D3FFE703208DF81700E6
:1047A000B9E0E4E7FFE704980078800700282CD5FB
:1047B000FFE7049800784007002809D5FFE741F299
:1047C0000801C4F20201086840F4E0600860FFE7F5
:1047D00004980078000700280BD5FFE741F2080194
:1047E000C4F20201086840F4E06020F46050086000
:1047F000FFE741F20801C4F20201086820F0F0006E
:10480000049A9268104308600DE00098802809D14E
:10481000FFE741F20801C4F20201086820F0F0004D
:104820000860FFE7FFE7039842F20001C4F20201CB
:10483000096801F00F01884228D2FFE742F2000127
:10484000C4F20201086820F00F00039A10430860C8
:10485000FEF7BCFE0290FFE742F20000C4F2020045
:10486000006800F00F00039988420ED0FFE7FEF7C2
:10487000ADFE0299401A41F28931884204D3FFE724
:1048800003208DF8170046E0E6E7FFE7049800787C
:10489000400700280CD5FFE741F20801C4F20201ED
:1048A000086820F4E060049AD26810430860FFE7CB
:1048B00004980078000700280DD5FFE741F20801B1
:1048C000C4F20201086820F46050049A126940EAB8
:1048D000C2000860FFE700F051F841F20801C4F29D
:1048E00002010968C9B20A094DF65851C0F6000123
:1048F000895C01F01F01C84040F20001C2F20001D2
:10490000086040F20800C2F200000068FFF76CFA8D
:104910008DF81700FFE79DF8170006B080BD000076
:1049200040F20000C2F200000068704780B5FFF757
:10493000F7FF41F20801C4F202010968C1F3022243
:104940004DF66851C0F60001895C01F01F01C840B6
:1049500080BD000080B5FFF7E3FF41F20801C4F21B
:1049600002010968C1F3C2224DF66851C0F6000188
:10497000895C01F01F01C84080BD000086B041F293
:104980000800C4F20200006800F00C00042806D100
:10499000FFE742F20040C0F2F400019069E041F20A
:1049A0000800C4F20200006800F00C00082806D1DC
:1049B000FFE741F20020C0F27A00019058E041F296
:1049C0000800C4F20200006800F00C000C284BD173
:1049D000FFE741F20C00C4F20200016801F003019C
:1049E00004910068C1B2012000EB111002900498FC
:1049F0000090022815D0FFE70098032812D1FFE7A6
:104A0000029941F20020C0F27A00B0FBF1F041F2CD
:104A10000C01C4F202010968C1F306214843059064
:104A200011E0FFE7029942F20040C0F2F400B0FB4F
:104A3000F1F041F20C01C4F202010968C1F3062150
:104A400048430590FFE741F20C00C4F20200006801
:104A500000F0C061022000EB1160039005980399FB
:104A6000B0FBF1F0019002E000200190FFE7FFE7CA
:104A7000FFE7019806B07047B0B588B00690069879
:104A800020B9FFE701208DF81F00D0E306980078D9
:104A9000C007002800F09B80FFE741F20800C4F245
:104AA0000200006800F00C00049041F20C00C4F217
:104AB0000200006800F00300039004980C2804D161
:104AC000FFE70398032804D0FFE70498082812D1D1
:104AD000FFE741F20000C4F20200006880030028F2
:104AE00008D5FFE70698406820B9FFE701208DF858
:104AF0001F009CE36AE0FFE706984068B0F5803F3E
:104B000009D1FFE741F20001C4F20201086840F454
:104B10008030086020E006984068B0F5A02F0DD1E5
:104B2000FFE741F20001C4F20201086840F480206E
:104B30000860086840F4803008600CE041F2000131
:104B4000C4F20201086820F480300860086820F48C
:104B500080200860FFE7FFE7FFE706984068D0B1D4
:104B6000FFE7FEF733FD0590FFE741F20000C4F2D6
:104B700002000068800300280CD4FFE7FEF726FD42
:104B80000599401A652804D3FFE703208DF81F001C
:104B90004DE3EAE719E0FEF719FD0590FFE741F262
:104BA0000000C4F202000068800300280CD5FFE773
:104BB000FEF70CFD0599401A652804D3FFE7032092
:104BC0008DF81F0033E3EAE7FFE7FFE7FFE706980A
:104BD00000788007002840F19F80FFE741F208003D
:104BE000C4F20200006800F00C00049041F20C00D6
:104BF000C4F20200006800F00300039004980C283F
:104C000004D1FFE70398022804D0FFE704980428A2
:104C10002CD1FFE741F20000C4F202000068400519
:104C2000002808D5FFE70698C06820B9FFE70120F3
:104C30008DF81F00FBE241F20401C4F20201086892
:104C400020F0FE40069A126940EA0260086040F2D5
:104C50000800C2F200000068FFF7C6F820B1FFE7C5
:104C600001208DF81F00E2E2FFE754E00698C068DB
:104C700070B3FFE741F20001C4F20201086840F49A
:104C800080700860FEF7A2FC0590FFE741F200008B
:104C9000C4F202000068400500280CD4FFE7FEF7CC
:104CA00095FC0599401A032804D3FFE703208DF8EB
:104CB0001F00BCE2EAE741F20401C4F20201086805
:104CC00020F0FE40069A126940EA0260086021E086
:104CD00041F20001C4F20201086820F4807008600B
:104CE000FEF774FC0590FFE741F20000C4F20200F9
:104CF0000068400500280CD5FFE7FEF767FC059922
:104D0000401A032804D3FFE703208DF81F008EE22A
:104D1000EAE7FFE7FFE7FFE70698007800070028CB
:104D200049D5FFE70698406910B3FFE741F29401C7
:104D3000C4F20201086840F001000860FEF746FC7A
:104D40000590FFE741F29400C4F20200006880077A
:104D500000280CD4FFE7FEF739FC0599401A032818
:104D600004D3FFE703208DF81F0060E2EAE721E0AB
:104D700041F29401C4F20201086820F001000860C9
:104D8000FEF724FC0590FFE741F29400C4F2020014
:104D90000068800700280CD5FFE7FEF717FC05998F
:104DA000401A032804D3FFE703208DF81F003EE2DA
:104DB000EAE7FFE7FFE7069800784007002840F1A0
:104DC000C680FFE700208DF80B0041F25800C4F2C6
:104DD00002000068C000002813D4FFE7FFE741F29B
:104DE0005800C4F20200016841F08051016000687F
:104DF00000F0805001900198FFE701208DF80B0032
:104E0000FFE747F20000C4F200000068C005002878
:104E100022D4FFE747F20001C4F20001086840F421
:104E200080700860FEF7D2FB0590FFE747F20000B4
:104E3000C4F200000068C00500280CD4FFE7FEF7AC
:104E4000C5FB0599401A032804D3FFE703208DF81A
:104E50001F00ECE1EAE7FFE7FFE70698806801281A
:104E600009D1FFE741F29001C4F20201086840F065
:104E7000010008601FE00698806805280DD1FFE753
:104E800041F29001C4F20201086840F00400086099
:104E9000086840F0010008600CE041F29001C4F2A3
:104EA0000201086820F001000860086820F0040092
:104EB0000860FFE7FFE7FFE706988068E0B1FFE7DB
:104EC000FEF784FB0590FFE741F29000C4F2020078
:104ED0000068800700280ED4FFE7FEF777FB0599EE
:104EE000401A41F28931884204D3FFE703208DF84C
:104EF0001F009CE1E8E71BE0FEF768FB0590FFE779
:104F000041F29000C4F202000068800700280ED52C
:104F1000FFE7FEF75BFB0599401A41F289318842B1
:104F200004D3FFE703208DF81F0080E1E8E7FFE7E7
:104F30009DF80B00012809D1FFE741F25801C4F2A6
:104F40000201086820F080500860FFE7FFE706983C
:104F500000788006002849D5FFE70698806910B3DD
:104F6000FFE741F29801C4F20201086840F0010035
:104F70000860FEF72BFB0590FFE741F29800C4F2B2
:104F800002000068800700280CD4FFE7FEF71EFB34
:104F90000599401A032804D3FFE703208DF81F006A
:104FA00045E1EAE721E041F29801C4F20201086814
:104FB00020F001000860FEF709FB0590FFE741F2D1
:104FC0009800C4F202000068800700280CD5FFE7B3
:104FD000FEF7FCFA0599401A032804D3FFE70320E3
:104FE0008DF81F0023E1EAE7FFE7FFE70698C069B5
:104FF000002800F01881FFE741F20800C4F2020027
:10500000006800F00C000C2800F0B480FFE7069860
:10501000C06902287CD1FFE741F20001C4F202011D
:10502000086820F080700860FEF7D0FA0590FFE76E
:1050300041F20000C4F202000068800100280CD593
:10504000FFE7FEF7C3FA0599401A032804D3FFE7E8
:1050500003208DF81F00EAE0EAE741F20C01C4F2F8
:105060000201086848F20C02C0F29F121040DDF8FD
:1050700018C0DCF82020DCF82450DCF828E0DCF84C
:105080002C306FF00F0404EB0514224342EA0E2289
:10509000DCF8304040F2000ECFF6E07E0EEA045E0F
:1050A000AEF5001E42EA0E02DCF834E04FF07E4C12
:1050B0000CEA0E6C0CF17E4C42EA0C0242EAC3622E
:1050C0001043086041F20002C4F20202106840F08E
:1050D00080701060086840F080700860FEF776FA13
:1050E0000590FFE741F20000C4F202000068800171
:1050F00000280CD4FFE7FEF769FA0599401A032847
:1051000004D3FFE703208DF81F0090E0EAE730E0CA
:1051100041F20001C4F20201086820F080700860CA
:1051200041F20C01C4F20201086820F0030008609B
:1051300008684FF6FF72CFF6EE6210400860FEF787
:1051400045FA0590FFE741F20000C4F20200006852
:10515000800100280CD5FFE7FEF738FA0599401AC0
:10516000032804D3FFE703208DF81F005FE0EAE780
:10517000FFE757E00698C069012804D1FFE7012046
:105180008DF81F0053E041F20C00C4F202000068E9
:105190000390039800F003000699096A88423BD106
:1051A000FFE7039800F0F00006994A6A6FF00F01DC
:1051B00001EB021188422FD1FFE7039800F4FE4073
:1051C0000699896AB0EB012F26D1FFE7039800F01A
:1051D00078400699C96AB0EBC16F1DD1FFE703980B
:1051E00000F4C00006990A6B0021CFF6E07101EAD5
:1051F0000251A1F5001188420ED1FFE7039800F09B
:10520000C06006994A6B4FF07E4101EA026101F1EC
:105210007E41884204D0FFE701208DF81F0006E0A0
:10522000FFE7FFE7FFE700208DF81F00FFE79DF88D
:105230001F0008B0B0BD000080B584B00290029895
:1052400020B9FFE701208DF80F0099E00298406A2D
:1052500060B9FFE702984068B0F5827F01D1FFE7AF
:1052600003E002990020C861FFE705E002990020F1
:10527000086102994861FFE702990020886202985C
:1052800090F85D0040B9FFE70299002081F85C00CA
:10529000029800F079F8FFE70299022081F85D009A
:1052A00002980168086820F0400008600298C06811
:1052B000B0F5E06F03D9FFE70020019003E04FF461
:1052C00080500190FFE70298C068B0F5706F0AD077
:1052D000FFE70298C068B0F5E06F04D0FFE70299DD
:1052E00000208862FFE7029A009211685068D2F8A5
:1052F00008C0136900F482700CF4044C604403F09D
:1053000002031844536903F001031844936903F43A
:1053100000731844D36903F038031844136A03F088
:1053200080031844926A02F4005210430860029B02
:105330001968DA68D3F818E0D3F824C0042000EA2A
:105340001E400CF0100C60445B6B03F00803184423
:1053500002F470621044019A02F4805210444860D2
:1053600002980168C86920F40060C86102990020B1
:105370000866029A012182F85D108DF80F00FFE7A0
:105380009DF80F0004B080BD80B588B00790002064
:10539000069005900490039002900798006843F2ED
:1053A0000001C4F2010188422DD1FFE7FFE741F27D
:1053B0006000C4F20200016841F48051016000689D
:1053C00000F4805001900198FFE7FFE741F24C00A4
:1053D000C4F20200016841F001010160006800F0C0
:1053E000010000900098FFE7E02002900220039067
:1053F000002004900590052006904FF0904002A9EF
:10540000FDF702FFFFE708B080BD000080B582B065
:105410000190019804F084FF02B080BD81B000903B
:1054200001B0704781B0009001B0704781B000902A
:1054300001B0704784B00290019100200090FFE716
:10544000029890F83C00012804D1FFE702208DF873
:105450000F00C4E00299012081F83C00FFE7FFE75C
:10546000009820F0FF000199C96808430090009857
:1054700020F440700199896808430090009820F456
:1054800080600199496808430090009820F400600A
:105490000199096808430090009820F48050019910
:1054A000096908430090009820F400500199496967
:1054B00008430090009820F480400199096B08434C
:1054C0000090009820F470200199896940EA014019
:1054D00000900298006842F60041C4F2010188423F
:1054E00012D0FFE70298006843F20041C4F20101C4
:1054F000884209D0FFE70298006845F20001C4F233
:105500000101884208D1FFE7009820F080500199FE
:10551000C96908430090FFE70298006842F600411D
:10552000C4F20101884212D0FFE70298006843F2FA
:105530000041C4F20101884209D0FFE702980068E7
:1055400045F20001C4F2010188423AD1FFE7009818
:1055500020F470000199896A40EA01500090009897
:1055600020F080700199096A08430090009820F0AB
:1055700000700199496A084300900298006842F659
:105580000041C4F20101884212D0FFE7029800688E
:1055900043F20041C4F20101884209D0FFE70298BA
:1055A000006845F20001C4F20101884208D1FFE71A
:1055B000009820F000500199C96A08430090FFE765
:1055C000FFE70098029909684864FFE70299002004
:1055D00081F83C00FFE700208DF80F00FFE79DF801
:1055E0000F0004B07047000081B0009001B0704718
:1055F00081B0009001B0704781B0009001B0704759
:1056000085B003900291FFE7039890F83C000128D1
:1056100004D1FFE702208DF81300A7E003990120D1
:1056200081F83C00FFE7FFE70399022081F83D0085
:1056300003980068406801900398006880680090B3
:105640000398006842F60041C4F20101884212D07A
:10565000FFE70398006843F20041C4F20101884269
:1056600009D0FFE70398006845F20001C4F2010188
:1056700088420AD1FFE7019820F470000190029857
:105680004168019808430190FFE701984FF68F7138
:10569000CFF6FF5108400190029801680198084335
:1056A000019001980399096848600398006842F6E0
:1056B0000041C4F2010188423CD0FFE70398006832
:1056C000B0F1804F36D0FFE70398006840F2004108
:1056D000C4F2000188422DD0FFE70398006840F62D
:1056E0000001C4F20001884224D0FFE7039800685B
:1056F00040F60041C4F2000188421BD0FFE7039846
:10570000006843F20041C4F20101884212D0FFE771
:105710000398006844F20001C4F20101884209D0F4
:10572000FFE70398006845F20001C4F201018842D6
:105730000ED1FFE7009820F0800000900298816869
:105740000098084300900098039909688860FFE773
:105750000399012081F83D00FFE70399002081F8BB
:105760003C00FFE700208DF81300FFE79DF81300D1
:1057700005B0704781B0009001B0704780B582B02D
:105780000090009820B9FFE701208DF8070045E060
:10579000009890F83D0040B9FFE70099002081F89B
:1057A0003C00009800F03EF8FFE70099022081F8E5
:1057B0003D00009951F8040B04F03EFE00990120D1
:1057C00081F84800FFE70099012081F83E00009928
:1057D00081F83F00009981F84000009981F841006C
:1057E000009981F84200009981F84300FFE7FFE744
:1057F0000099012081F84400009981F84500009942
:1058000081F84600009981F84700FFE700990120E0
:1058100081F83D0000208DF80700FFE79DF80700A4
:1058200002B080BD80B586B005900598006840F64E
:105830000041C4F20001884219D1FFE7FFE741F2BD
:105840005800C4F20200016841F0080101600068DC
:1058500000F0080004900498FFE732200190002235
:105860001146FEF733FB0198FEF726FB3CE0059856
:10587000006841F20001C4F20001884219D1FFE73B
:10588000FFE741F25800C4F20200016841F0100144
:105890000160006800F0100003900398FFE73620D5
:1058A000009000221146FEF711FB0098FEF704FB62
:1058B00019E00598006844F20001C4F20101884231
:1058C00010D1FFE7FFE741F26000C4F20200016877
:1058D00041F480310160006800F480300290029849
:1058E000FFE7FFE7FFE7FFE706B080BD83B0019069
:1058F000019890F83D00012804D0FFE701208DF8C1
:105900000B0072E00199022081F83D0001980168C6
:10591000C86840F00100C8600198006842F6004184
:10592000C4F2010188423CD0FFE701980068B0F161
:10593000804F36D0FFE70198006840F20041C4F282
:10594000000188422DD0FFE70198006840F6000171
:10595000C4F20001884224D0FFE70198006840F6B5
:105960000041C4F2000188421BD0FFE701980068A3
:1059700043F20041C4F20101884212D0FFE70198CE
:10598000006844F20001C4F20101884209D0FFE737
:105990000198006845F20001C4F20101884219D162
:1059A000FFE70198006880680721C0F20101084004
:1059B0000090009806280CD0FFE70098B0F5803FD3
:1059C00007D0FFE701980168086840F0010008600F
:1059D000FFE706E001980168086840F001000860F0
:1059E000FFE700208DF80B00FFE79DF80B0003B0E8
:1059F0007047000081B0009000980168C86820F0EE
:105A00000100C860FFE700980068006A41F21111C8
:105A1000084210D1FFE700980068006A44F2444150
:105A2000084207D1FFE700980168086820F00100EC
:105A30000860FFE7FFE7FFE70099012081F83D00DC
:105A4000002001B07047000080B586B0049003913B
:105A500000208DF80B00FFE7049890F83C00012827
:105A600004D1FFE702208DF81700E7E00499012038
:105A700081F83C00FFE7FFE70499022081F83D0030
:105A8000049800688068019001984FF68871CFF6FD
:105A9000CE7108400190019820F47F400190019858
:105AA000049909688860039800680090002800F055
:105AB000AB80FFE70098102800F0A680FFE7009871
:105AC000202800F0A180FFE70098302800F09C809B
:105AD000FFE70098402800F08A80FFE700985028F0
:105AE0006BD0FFE70098602874D0FFE7009870281B
:105AF0003FD0FFE70098B0F5805F39D0FFE700980E
:105B0000B0F5005F4AD0FFE70098B0F5801F7BD06A
:105B1000FFE70098B0F1101F76D0FFE70098202132
:105B2000C0F2100188426FD0FFE700983021C0F228
:105B30001001884268D0FFE700984021C0F21001B0
:105B4000884261D0FFE700985021C0F210018842DE
:105B50005AD0FFE700986021C0F21001884253D06C
:105B6000FFE700987021C0F2100188424CD052E04B
:105B700055E004980068039B5A689968DB6804F054
:105B80005FFD0498006880680190019840F07700FC
:105B90000190019804990968886040E004980068C1
:105BA000039B5A689968DB6804F04AFD0498016811
:105BB000886840F48040886031E004980068039A67
:105BC0005168D26805F064F904980068502104F027
:105BD00051FD24E004980068039A5168D26805F0EA
:105BE0007FF904980068602104F044FD17E00498F0
:105BF0000068039A5168D26805F04AF90498006871
:105C0000402104F037FD0AE0049800680399096810
:105C100004F030FD03E001208DF80B00FFE704994C
:105C2000012081F83D00FFE70499002081F83C0045
:105C3000FFE79DF80B008DF81700FFE79DF81700B0
:105C400006B080BD80B586B004900391049820B959
:105C5000FFE701208DF817008AE0049890F83D00D6
:105C600040B9FFE70499002081F83C00049800F057
:105C700083F8FFE70499022081F83D000498016849
:105C800088684BF6F872CFF6FE721040886004996F
:105C900051F8040B04F0D0FB04980068806802906F
:105CA000049800688069019004980068006A009078
:105CB00003980168029808430290019840F203316A
:105CC0008843019003998868896940EA0121019815
:105CD00008430190019840F60C41884301900198D7
:105CE0004FF2F001884301900399C868C96940EAFE
:105CF000012101980843019003990869096A00018C
:105D000040EA0131019808430190009820F02200F8
:105D10000090009820F08800009003994868496935
:105D200040EA01110098084300900298049909681C
:105D30008860019804990968886100980499096845
:105D400008620499012081F84800049981F83E0016
:105D5000049981F83F00049981F84400049981F87E
:105D60004500049981F83D0000208DF81700FFE7F9
:105D70009DF8170006B080BD80B590B00F90002050
:105D80000E900D900C900B900A900F98006842F6C0
:105D90000041C4F20101884239D1FFE7FFE741F237
:105DA0006000C4F20200016841F400610160006813
:105DB00000F4006009900998FFE7FFE741F24C000A
:105DC000C4F20200016841F010010160006800F0B7
:105DD000100008900898FFE74FF420600A90022016
:105DE0000B90002100910C910D910E9041F200005A
:105DF000C4F600000AA9FDF707FA009A1A200190DC
:105E00000F21FEF763F80198FEF756F8A4E00F980B
:105E10000068B0F1804F2ED1FFE7FFE741F2580054
:105E2000C4F20200016841F001010160006800F065
:105E3000010007900798FFE7FFE741F24C00C4F22A
:105E40000200016841F008010160006800F00800EC
:105E500006900698FFE718200A9002200B90002178
:105E60000C910D910E9040F60040C4F600000AA976
:105E7000FDF7CAF96FE00F98006840F20041C4F2E4
:105E8000000188422ED1FFE7FFE741F25800C4F23B
:105E90000200016841F002010160006800F00200A8
:105EA00005900598FFE7FFE741F24C00C4F20200BD
:105EB000016841F002010160006800F002000490F6
:105EC0000498FFE730200A9002200B9000210C91EB
:105ED0000D910E9040F20040C4F600000AA9FDF7B3
:105EE00093F937E00F98006840F60001C4F2000112
:105EF00088422ED1FFE7FFE741F25800C4F20200CA
:105F0000016841F004010160006800F004000390A2
:105F10000398FFE7FFE741F24C00C4F2020001687A
:105F200041F002010160006800F002000290029856
:105F3000FFE7C0200A9002200B9000210C910D91E8
:105F40000E9040F20040C4F600000AA9FDF75CF98B
:105F5000FFE7FFE7FFE7FFE710B080BD80B586B041
:105F600004900391049890F83E008DF80B0004987B
:105F700090F83F008DF80A00049890F844008DF8DE
:105F80000900049890F845008DF808000398B8B906
:105F9000FFE79DF80B00012805D1FFE79DF80900F8
:105FA000012804D0FFE701208DF8170079E004995B
:105FB000022081F83E00049981F84400FFE742E0A6
:105FC0000398042817D1FFE79DF80A00012805D19E
:105FD000FFE79DF80800012804D0FFE701208DF8B5
:105FE00017005EE00499022081F83F00049981F8CF
:105FF0004500FFE726E09DF80B0001280FD1FFE7E1
:106000009DF80A0001280AD1FFE79DF80900012840
:1060100005D1FFE79DF80800012804D0FFE7012023
:106020008DF817003DE00499022081F83E000499A4
:1060300081F83F00049981F84400049981F84500F3
:10604000FFE7FFE7FFE70398019020B1FFE7019822
:10605000042807D00DE0049800680021012204F014
:10606000D3FA14E0049800680421012204F0CCFA69
:106070000DE00498006800210122009204F0C4FAA7
:10608000009A04980068042104F0BEFAFFE704981F
:106090000168086840F00100086000208DF81700D2
:1060A000FFE79DF8170006B080BD000081B00090AA
:1060B00001B0704780B582B0019001980068006916
:1060C00000F002010020B0EB510F28D0FFE701984B
:1060D0000068C06800F002010020B0EB510F1DD035
:1060E000FFE7019801686FF0020008610199012043
:1060F0000877019800688069800720B1FFE7019860
:10610000FFF7D4FF06E0019800F006FA019800F0CE
:1061100051FBFFE7019900200877FFE7FFE70198AF
:106120000068006900F004010020B0EB910F29D055
:10613000FFE701980068C06800F004010020B0EBA0
:10614000910F1ED0FFE7019801686FF0040008610D
:1061500001990220087701980068806910F4407F57
:1061600004D0FFE70198FFF7A1FF06E0019800F0D7
:10617000D3F9019800F01EFBFFE701990020087792
:10618000FFE7FFE701980068006900F008010020C0
:10619000B0EBD10F28D0FFE701980068C06800F08D
:1061A00008010020B0EBD10F1DD0FFE70198016876
:1061B0006FF00800086101990420087701980068D1
:1061C000C069800720B1FFE70198FFF76FFF06E085
:1061D000019800F0A1F9019800F0ECFAFFE70199AD
:1061E00000200877FFE7FFE701980068006900F0EA
:1061F00010010020B0EB111F29D0FFE701980068C3
:10620000C06800F010010020B0EB111F1ED0FFE7A6
:10621000019801686FF01000086101990820087763
:1062200001980068C06910F4407F04D0FFE701982E
:10623000FFF73CFF06E0019800F06EF9019800F0CE
:10624000B9FAFFE7019900200877FFE7FFE7019817
:1062500000680069C00780B1FFE701980068C06866
:10626000C00748B1FFE7019801686FF001000861BD
:10627000019800F0EFFBFFE7FFE701980068006975
:10628000C1B20020B0EBD11F13D0FFE70198006826
:10629000C068C1B20020B0EBD11F09D0FFE7019860
:1062A00001686FF0800008610198FFF7BBF8FFE715
:1062B000FFE701980068006900F480710020B0EBEE
:1062C000112F13D0FFE701980068C068C1B2002009
:1062D000B0EBD11F09D0FFE7019801686FF480701F
:1062E00008610198FFF79AF8FFE7FFE70198006857
:1062F000006900F040010020B0EB911F14D0FFE7CF
:1063000001980068C06800F040010020B0EB911FC8
:1063100009D0FFE7019801686FF04000086101981B
:1063200000F0C2FCFFE7FFE701980068006900F099
:1063300020010020B0EB511F14D0FFE70198006846
:10634000C06800F020010020B0EB511F09D0FFE72A
:10635000019801686FF0200008610198FFF766F866
:10636000FFE7FFE701980068006900F48011002052
:10637000B0EB115F14D0FFE701980068C06800F42B
:1063800080110020B0EB115F09D0FFE70198016890
:106390006FF4801008610198FFF72AF9FFE7FFE723
:1063A00001980068006900F400110020B0EB515F13
:1063B00014D0FFE701980068C06800F400110020C5
:1063C000B0EB515F09D0FFE7019801686FF400104E
:1063D00008610198FFF708F9FFE7FFE701980068F7
:1063E000006900F480010020B0EB915F14D0FFE75A
:1063F00001980068C06800F480010020B0EB915F54
:1064000009D0FFE7019801686FF4800008610198E6
:10641000FFF7F2F8FFE7FFE701980068006900F472
:1064200000010020B0EBD15F14D0FFE701980068B5
:10643000C06800F400010020B0EBD15F09D0FFE795
:10644000019801686FF4000008610198FFF792F964
:10645000FFE7FFE702B080BD80B588B0079000205D
:10646000069005900490039002900798006843F20C
:106470000041C4F20101884221D1FFE7FFE741F268
:106480004C00C4F20200016841F0040101600068A0
:1064900000F0040001900198FFE74FF47070029043
:1064A000022003900020049005900420069040F6FE
:1064B0000000C4F6000002A9FCF7A6FE2AE0079837
:1064C000006844F20001C4F20101884221D1FFE7D3
:1064D000FFE741F24C00C4F20200016841F0020102
:1064E0000160006800F0020000900098FFE74FF4A0
:1064F000404002900220039000200490059001206B
:10650000069040F20040C4F6000002A9FCF77CFEB1
:10651000FFE7FFE708B080BD81B0009001B0704791
:1065200080B586B004900391029200208DF8070098
:10653000FFE7049890F83C00012804D1FFE702200F
:106540008DF81700C0E00499012081F83C00FFE7B6
:10655000FFE702980090142800F2A7800099DFE876
:1065600001F00BA4A4A424A4A4A43EA4A4A457A40E
:10657000A4A471A4A4A48A0004980068039904F058
:1065800091F804980168886940F0080088610498CF
:106590000168886920F00400886103980269049802
:1065A000016888691043886183E004980068039952
:1065B00004F032F904980168886940F40060886149
:1065C00004980168886920F48060886103980269F2
:1065D00004980168886940EA0220886169E00498AB
:1065E0000068039904F0E0F904980168C86940F074
:1065F0000800C86104980168C86920F00400C861F7
:106600000398026904980168C8691043C86150E0A2
:1066100004980068039904F08FFA04980168C86927
:1066200040F40060C86104980168C86920F4806083
:10663000C8610398026904980168C86940EA0220A9
:10664000C86136E004980068039904F03DFB0498A3
:106650000168086D40F00800086504980168086D3D
:1066600020F0040008650398026904980168086D29
:10667000104308651DE004980068039904F096FB38
:1066800004980168086D40F400600865049801688A
:10669000086D20F480600865039802690498016819
:1066A000086D40EA0220086503E001208DF807002C
:1066B000FFE7FFE70499002081F83C00FFE79DF821
:1066C00007008DF81700FFE79DF8170006B080BDA2
:1066D00080B582B00090009820B9FFE701208DF8C6
:1066E000070045E0009890F83D0040B9FFE70099A9
:1066F000002081F83C00009800F03EF8FFE7009988
:10670000022081F83D00009951F8040B03F094FE3B
:106710000099012081F84800FFE70099012081F8E5
:106720003E00009981F83F00009981F840000099EF
:1067300081F84100009981F84200009981F84300F6
:10674000FFE7FFE70099012081F84400009981F8F4
:106750004500009981F84600009981F84700FFE75D
:106760000099012081F83D0000208DF80700FFE727
:106770009DF8070002B080BD82B0019001980068CA
:1067800043F20041C4F20101884210D1FFE7FFE764
:1067900041F26000C4F20200016841F4005101605E
:1067A000006800F4005000900098FFE7FFE702B097
:1067B0007047000081B0009001B0704780B590B084
:1067C0000E900D910D9828B9FFE70E9890F83E00B5
:1067D0000B9034E00D98042805D1FFE70E9890F84F
:1067E0003F000A9028E00D98082805D1FFE70E9891
:1067F00090F8400009901CE00D980C2805D1FFE7A7
:106800000E9890F84100089010E00D98102805D1DE
:10681000FFE70E9890F84200079004E00E9890F879
:1068200043000790FFE707980890FFE70898099052
:10683000FFE709980A90FFE70A980B90FFE70B988B
:10684000012804D0FFE701208DF83F00FEE00D98FD
:1068500028B9FFE70E99022081F83E0038E00D9834
:10686000042806D1FFE70E99022081F83F00069028
:106870002CE00D98082806D1FFE70E99022081F838
:10688000400005901FE00D980C2806D1FFE70E99F7
:10689000022081F84100049012E00D98102806D1E2
:1068A000FFE70E99022081F84200039005E00E995F
:1068B000022081F843000390FFE703980490FFE76C
:1068C00004980590FFE705980690FFE70698FFE714
:1068D0000E9800680D990122019203F095FE01982F
:1068E0000E99096842F60042C4F2010291420290F8
:1068F00038D0FFE70E980168012043F20042C4F24D
:106900000102914202902DD0FFE70E98016801200C
:1069100044F20002C4F201029142029022D0FFE749
:106920000E980168012044F20042C4F20102914233
:10693000029017D0FFE70E980168012044F600028C
:10694000C4F20102914202900CD0FFE70E98006859
:106950004BF20001CBF6FE710844B0FA80F040091A
:106960000290FFE70298C00738B1FFE70E98016870
:10697000486C40F400404864FFE70E98006842F617
:106980000041C4F2010188423CD0FFE70E98006844
:10699000B0F1804F36D0FFE70E98006840F200411A
:1069A000C4F2000188422DD0FFE70E98006840F63F
:1069B0000001C4F20001884224D0FFE70E9800686D
:1069C00040F60041C4F2000188421BD0FFE70E9858
:1069D000006843F20041C4F20101884212D0FFE78F
:1069E0000E98006844F20001C4F20101884209D007
:1069F000FFE70E98006845F20001C4F201018842E9
:106A000019D1FFE70E98006880680721C0F20101E4
:106A100008400C900C9806280CD0FFE70C98B0F5B5
:106A2000803F07D0FFE70E980168086840F001003A
:106A30000860FFE706E00E980168086840F0010072
:106A40000860FFE700208DF83F00FFE79DF83F005A
:106A500010B080BD80B5A6B0259040F66061C2F24E
:106A6000000191F908300A684868D21840EBE370D9
:106A70000A604860259840F63811C2F20001884249
:106A800040F00281FFE740F66061C2F20001086851
:106A9000496880F03200084340B9FFE740F6606182
:106AA000C2F20001012081F8120163E040F660614A
:106AB000C2F200010868496880F06400084340B9E8
:106AC000FFE740F66061C2F20001002081F8120188
:106AD0004FE040F66061C2F200010868496880F04A
:106AE0009600084340B9FFE740F66061C2F200013A
:106AF000012081F812013BE040F66061C2F2000122
:106B00000868496880F0C800084340B9FFE740F6CC
:106B10006061C2F20001002081F8120127E040F616
:106B20006061C2F200010868496880F0FA00084319
:106B300040B9FFE740F66061C2F20001012081F830
:106B4000120113E040F66061C2F200010868496872
:106B500080F49670084340B9FFE740F66061C2F2E6
:106B60000001002081F81201FFE7FFE7FFE7FFE7E0
:106B7000FFE7FFE740F66061C2F20001086849687C
:106B800080F06400084310BBFFE740F6CC30C2F24F
:106B90000000219000F1100168468022229223918A
:106BA000249024982399229A51F8043B40F8043BFE
:106BB000043A229223912490F3D1219B18685968BA
:106BC0009A68DB689FED370A05F08CFFFFE740F617
:106BD0006060C2F200000368406845F62942CCF2CA
:106BE0008F22A3FB021E42F6F50CC8F65C7C03FB69
:106BF0000CE300FB023041F6B862CEF68532521843
:106C00004BF65101C0F21E51414143F67050CDF296
:106C10000A70801A47F2A300C0F63D20884132D3A3
:106C2000FFE740F69070C2F200000078E8B9FFE795
:106C300040F66060C2F20000209006F091F82098C3
:106C4000B0F95E20B0F9603040F61C20C2F20000BE
:106C50004DF69851C0F6000105F094FE40F6907193
:106C6000C2F20001012008700CE040F66060C2F240
:106C7000000005F0E5FA40F69071C2F20001002034
:106C80000870FFE7FFE70BE0259840F68411C2F299
:106C90000001884203D1FFE705F0CCF8FFE7FFE7EA
:106CA00026B080BD0000C84281B0009001B070479E
:106CB00083B00190FFE7019890F88000012804D18B
:106CC000FFE702208DF80B002CE00199012081F8EC
:106CD0008000FFE7FFE701992420C1F884000198B4
:106CE00000680068009001980168086820F00100C1
:106CF0000860009820F0005000900199002048663C
:106D0000009801990968086001992020C1F8840061
:106D1000FFE70199002081F88000FFE700208DF84F
:106D20000B00FFE79DF80B0003B0704782B00190A5
:106D3000ADF8021002B0704781B0009001B070470A
:106D400080B584B002900191FFE7029890F880002E
:106D5000012804D1FFE702208DF80F0032E00299EC
:106D6000012081F88000FFE7FFE702992420C1F8A5
:106D70008400029800680068009002980168086822
:106D800020F00100086002980068806820F06060D0
:106D900001990843029909688860029804F0D2F8C2
:106DA000009802990968086002992020C1F88400BF
:106DB000FFE70299002081F88000FFE700208DF8AE
:106DC0000F00FFE79DF80F0004B080BD80B584B0D0
:106DD00002900191FFE7029890F88000012804D109
:106DE000FFE702208DF80F0032E00299012081F8C0
:106DF0008000FFE7FFE702992420C1F88400029891
:106E000000680068009002980168086820F001009E
:106E1000086002980068806820F06040019908438B
:106E2000029909688860029804F08CF80098029929
:106E30000968086002992020C1F88400FFE70299E0
:106E4000002081F88000FFE700208DF80F00FFE7A9
:106E50009DF80F0004B080BD81B0009001B0704774
:106E600081B0009001B0704781B0009001B07047D0
:106E700080B590B00F900F980068C0690E900F9881
:106E8000006800680D900F98006880680C900E985C
:106E900040F60F0108400B900B98E0B9FFE79DF812
:106EA00038008006002815D5FFE79DF834008006DD
:106EB000002806D4FFE79DF83300C006002809D556
:106EC000FFE70F98006F20B1FFE70F98016F884729
:106ED000FFE76DE2FFE70B98002800F00881FFE76D
:106EE0000C980121C1F20001084209D1FFE70D9879
:106EF00040F22011C0F20041084200F0F880FFE7A4
:106F00009DF83800C00788B1FFE79DF83500C0073D
:106F100060B1FFE70F980168012008620F99D1F86E
:106F20008C0040F00100C1F88C00FFE79DF83800AC
:106F30008007002811D5FFE79DF83000C00760B139
:106F4000FFE70F980168022008620F99D1F88C00C2
:106F500040F00400C1F88C00FFE79DF838004007BE
:106F6000002811D5FFE79DF83000C00760B1FFE7AA
:106F70000F980168042008620F99D1F88C0040F046
:106F80000200C1F88C00FFE79DF8380000070028D8
:106F900019D5FFE79DF834008006002807D4FFE7E5
:106FA0000C980121C1F2000108420CD0FFE70F98B4
:106FB0000168082008620F99D1F88C0040F00800A1
:106FC000C1F88C00FFE79DF839000007002813D5B1
:106FD000FFE79DF83700400700280DD5FFE70F9821
:106FE00001684FF4006008620F99D1F88C0040F0FE
:106FF0002000C1F88C00FFE70F98D0F88C00002823
:1070000074D0FFE79DF838008006002815D5FFE70B
:107010009DF834008006002806D4FFE79DF8330071
:10702000C006002809D5FFE70F98006F20B1FFE7E1
:107030000F98016F8847FFE7FFE70F98D0F88C00A3
:107040000A900F980068806800F04000402806D041
:10705000FFE79DF8280010F0280F3ED0FFE70F98BB
:1070600004F0BEF80F9800688068400600282FD50D
:10707000FFE7FFE7FFE70F98006850E8020F20F0F6
:1070800040000990FFE709990F98026842E8021052
:107090000028F0D1FFE7FFE70F98C06F98B1FFE736
:1070A0000F98C16F4BF2BD10C0F6000088630F98B7
:1070B000C06FFBF769FE28B1FFE70F98C06F816BC7
:1070C0008847FFE703E00F98FFF7CEFEFFE703E0F6
:1070D0000F98FFF7C9FEFFE707E00F98FFF7C4FE20
:1070E0000F990020C1F88C00FFE7FFE760E10F98DF
:1070F000C06E012840F0FD80FFE79DF83800C00613
:10710000002840F1F680FFE79DF83400C006002813
:1071100040F1EF80FFE70F980168102008620F9898
:10712000006880684006002840F18480FFE70F98DF
:10713000C06F00684068ADF82200BDF8220000284A
:1071400077D0FFE7BDF822000F99B1F85C108842B4
:107150006FDAFFE7BDF822000F99A1F85E000F98E3
:10716000C06F006800688006002858D4FFE7FFE77A
:10717000FFE70F98006850E8000F20F48070079038
:10718000FFE707990F98026842E800100028F0D145
:10719000FFE7FFE7FFE7FFE70F98006850E8020FFF
:1071A00020F001000690FFE706990F98026842E878
:1071B00002100028F0D1FFE7FFE7FFE7FFE70F9895
:1071C000006850E8020F20F040000590FFE70599A5
:1071D0000F98026842E802100028F0D1FFE7FFE7AD
:1071E0000F992020C1F888000F990020C866FFE79A
:1071F000FFE70F98006850E8000F20F0100004909F
:10720000FFE704990F98026842E800100028F0D1C7
:10721000FFE7FFE70F98C06FFBF768FDFFE70F98E8
:10722000B0F85C10B0F85E20891A89B2FFF77EFDD5
:10723000FFE7BDE00F99B1F85C00B1F85E10401AAD
:10724000ADF80E000F98B0F85E00002850D0FFE7B0
:10725000BDF80E0000284BD0FFE7FFE7FFE70F98CF
:10726000006850E8000F20F490700290FFE7029948
:107270000F98026842E800100028F0D1FFE7FFE70E
:10728000FFE7FFE70F98006850E8020F4FF6FE7126
:10729000CEF6FF7108400190FFE701990F98026850
:1072A00042E802100028EDD1FFE7FFE70F99202008
:1072B000C1F888000F990020C8660F990867FFE79A
:1072C000FFE70F98006850E8000F20F010000090D2
:1072D000FFE700990F98026842E800100028F0D1FB
:1072E000FFE7FFE70F98BDF80E10FFF71FFDFFE760
:1072F0005EE09DF83A00C00600280FD5FFE79DF834
:1073000032004006002809D5FFE70F9801684FF4C6
:10731000801008620F98FFF7A3FD49E09DF8380040
:107320000006002815D5FFE79DF834000006002868
:1073300006D4FFE79DF832000006002809D5FFE7D4
:107340000F98406F20B1FFE70F98416F8847FFE724
:107350002EE09DF83800400600280AD5FFE79DF88A
:1073600034004006002804D5FFE70F9803F088FF9B
:107370001EE09DF83A00000600280AD5FFE79DF8B8
:1073800037004006002804D5FFE70F98FFF764FD9B
:107390000EE09DF83B00C00750B1FFE79DF83700B5
:1073A0000006002804D5FFE70F98FFF7C5FCFFE7AC
:1073B00010B080BD80B582B00090009820B9FFE782
:1073C00001208DF8070046E00098806908B1FFE7CA
:1073D00000E0FFE70098D0F8840040B9FFE700998B
:1073E000002081F88000009800F03AF8FFE700994B
:1073F0002420C1F8840000980168086820F001008A
:107400000860009803F05EFF012804D1FFE7012027
:107410008DF807001FE00098806A20B1FFE7009810
:1074200003F0D4FDFFE700980168486820F490401D
:10743000486000980168886820F02A0088600098F9
:107440000168086840F001000860009803F062FEDF
:107450008DF80700FFE79DF8070002B080BD00002F
:1074600080B5B8B037900020369035903490339086
:1074700032901DA85421F9F721F83798006844F696
:107480000041C4F20001884240F09280FFE70820EA
:107490001D90002021901DA8FCF71CFE18B1FFE7ED
:1074A000FAF7A2FAFFE7FFE741F25800C4F2020040
:1074B000016841F400210160006800F400201C9084
:1074C0001C98FFE7FFE741F24C00C4F2020001689C
:1074D00041F004010160006800F004001B901B985B
:1074E000FFE74FF44060329002203390002012906A
:1074F000349035900520369040F60000C4F6000028
:1075000032A9FBF781FE129940F2C030C2F20000AE
:1075100013908022C4F2020202601E224260816047
:10752000C1608022026141618161C1610162FBF73A
:1075300041FD18B1FFE7FAF757FAFFE7FFE7379881
:1075400040F2C031C2F20001C16737988862FFE79C
:1075500040F22040C2F2000011909421C4F20201D6
:1075600001601F214160102181600021C1608022E3
:10757000026141618161C1610162FBF71BFD18B1CC
:10758000FFE7FAF731FAFFE7FFE7379840F22041CB
:10759000C2F20001816737988862FFE734201090BB
:1075A00000221146FCF792FC1098FCF785FCF3E1F1
:1075B0003798006843F60001C4F20101884240F0A8
:1075C0009180FFE701201D9000201E901DA8FCF770
:1075D00081FD18B1FFE7FAF707FAFFE7FFE741F28D
:1075E0006000C4F20200016841F48041016000685B
:1075F00000F480401A901A98FFE7FFE741F24C0030
:10760000C4F20200016841F004010160006800F06A
:10761000040019901998FFE730203290022033902F
:1076200000200E90349035900720369040F60000F0
:10763000C4F6000032A9FBF7E7FD0E9940F2804046
:10764000C2F200000F900822C4F202020260182267
:1076500042608160C1608022026141618161C161DB
:107660000162FBF7A7FC18B1FFE7FAF7BDF9FFE7E6
:10767000FFE7379840F28041C2F20001C1673798B6
:107680008862FFE740F2E040C2F200000D901C214A
:10769000C4F20201016019214160102181600021C2
:1076A000C1608022026141618161C1610162FBF7B9
:1076B00081FC18B1FFE7FAF797F9FFE7FFE7379882
:1076C00040F2E041C2F20001816737988862FFE72B
:1076D00025200C9000221146FCF7F8FB0C98FCF7D3
:1076E000EBFB58E13798006844F20041C4F2000116
:1076F000884240F08F80FFE702201D9000201F90FD
:107700001DA8FCF7E7FC18B1FFE7FAF76DF9FFE7F2
:10771000FFE741F25800C4F20200016841F4003171
:107720000160006800F4003018901898FFE7FFE748
:1077300041F24C00C4F20200016841F00101016015
:10774000006800F0010017901798FFE70C203290B6
:107750000220339000200A90349035900720369014
:107760004FF0904032A9FBF74FFD0A9940F240508C
:10777000C2F200000B903022C4F2020202601A2210
:1077800042608160C1608022026141618161C161AA
:107790000162FBF70FFC18B1FFE7FAF725F9FFE7E5
:1077A000FFE7379840F24051C2F20001C1673798B5
:1077B0008862FFE740F2A050C2F200000990442125
:1077C000C4F2020101601B2141601021816000218F
:1077D000C1608022026141618161C1610162FBF788
:1077E000E9FB18B1FFE7FAF7FFF8FFE7FFE7379883
:1077F00040F2A051C2F20001816737988862FFE72A
:107800002620089000221146FCF760FB0898FCF740
:1078100053FBBFE03798006844F60001C4F2000152
:10782000884240F0B680FFE704201D9000202090A1
:107830001DA8FCF74FFC18B1FFE7FAF7D5F8FFE7F2
:10784000FFE741F25800C4F20200016841F48021D0
:107850000160006800F4802016901698FFE7FFE7AB
:1078600041F24C00C4F20200016841F010010160D5
:10787000006800F0100015901598FFE7FFE741F24F
:107880004C00C4F20200016841F00201016000688E
:1078900000F0020014901498FFE74FF4004032907B
:1078A00002200390339000200690349035900720FA
:1078B0000490369041F20000C4F6000032A9059110
:1078C000FBF7A2FC039B04980599069A4FF4806C81
:1078D000CDF8C8C0339334923592369040F20040D0
:1078E000C4F60000FBF790FC069940F20060C2F27B
:1078F000000007905822C4F2020202601C2242607B
:107900008160C1608022026141618161C161016267
:10791000FBF750FB18B1FFE7FAF766F8FFE7FFE760
:10792000379840F20061C2F20001C167379888625F
:10793000FFE740F26060C2F2000002906C21C4F2E6
:10794000020101601D214160102181600021C160A0
:107950008022026141618161C1610162FBF72AFB02
:1079600018B1FFE7FAF740F8FFE7FFE7379840F272
:107970006061C2F20001816737988862FFE72720C3
:10798000019000221146FCF7A1FA0198FCF794FA45
:10799000FFE7FFE7FFE7FFE738B080BD80B58AB0BB
:1079A00008900791ADF81A2005930898D0F8840044
:1079B000202840F09680FFE7079820B1FFE7BDF848
:1079C0001A0020B9FFE701208DF827008DE0FFE7BE
:1079D000089890F88000012804D1FFE702208DF874
:1079E000270082E00899012081F88000FFE7FFE787
:1079F00008990020C1F88C0008992120C1F8840062
:107A0000FBF7E4FD0290BDF81A000899A1F85400B4
:107A1000BDF81A000899A1F8560008988068B0F5DA
:107A2000805F09D1FFE70898006928B9FFE70020C7
:107A300004900798039004E00798049000200390B6
:107A4000FFE7FFE70899002081F88000FFE7FFE7E4
:107A50000898B0F8560068B3FFE70898029B0599AC
:107A60006A4611608021002203F01EFF20B1FFE76B
:107A700003208DF8270038E0049858B9FFE70398F1
:107A800000886FF35F2008990968886203980230C4
:107A9000039008E0049800780899096888620498BF
:107AA00001300490FFE70899B1F856000138A1F8B9
:107AB0005600CDE70898029B05996A46116040215F
:107AC000002203F0F1FE20B1FFE703208DF827002C
:107AD0000BE008992020C1F8840000208DF82700D1
:107AE00003E002208DF82700FFE79DF827000AB089
:107AF00080BD000081B0009001B07047FFE7FEE755
:107B000080B540F2C060C2F20000FBF70FFE80BDFE
:107B100080B582B001900198806A00900098806BD7
:107B200028B1FFE70098816B00208863FFE7009889
:107B3000C06B28B1FFE70098C16B00208863FFE7A6
:107B4000009801F091FA02B080BD000080B582B0CB
:107B500001900198806A009000980168486840F49C
:107B6000004048600098102100F0D4F902B080BDB8
:107B700080B582B001900198806A009000980168F9
:107B8000086820F4004008600098408D28B9FFE79D
:107B90000098202100F092F828E000990A8D486AA8
:107BA000104448620098408DB0F5807F04D3FFE711
:107BB0000099FF20088504E00098408D0099088511
:107BC000FFE7009B19685A6AD86B24311B8DFBF7BD
:107BD0009DFA28B1FFE70098102100F09BF904E01E
:107BE0000098402100F06AF8FFE7FFE702B080BD8F
:107BF00083B00290ADF8061000200090BDF806009A
:107C0000C00790B1FFE7009840F042000090029852
:107C100090F8410000F02800282805D0FFE70098E0
:107C200040F0B0000090FFE7FFE7BDF806008007D6
:107C3000002812D5FFE7009840F044000090029819
:107C400090F8410000F02800282805D0FFE70098B0
:107C500040F0B0000090FFE7FFE7BDF80600000429
:107C6000002805D5FFE7009840F0B8000090FFE736
:107C7000BDF80600102805D1FFE7009840F09000FD
:107C80000090FFE7BDF80600202805D1FFE7009827
:107C900040F020000090FFE7BDF80600402805D125
:107CA000FFE7009840F040000090FFE7009A02983C
:107CB000016808689043086003B0704783B0029081
:107CC000ADF80610002000900298406B48F6A10124
:107CD000C0F60001884209D0FFE70298406B48F6E1
:107CE0009131C0F6000188422AD1FFE7BDF80600B5
:107CF0000004002805D5FFE7009840F0B800009088
:107D0000FFE7BDF80600102805D1FFE7009840F016
:107D100090000090FFE7BDF80600202805D1FFE79E
:107D2000009840F060000090FFE7BDF80600402892
:107D300005D1FFE7009840F040000090FFE72AE0FF
:107D4000BDF806000004002805D5FFE7009840F0C4
:107D5000B8000090FFE7BDF80600C00728B1FFE7B4
:107D6000009840F0F2000090FFE7BDF806008007A1
:107D7000002805D5FFE7009840F0F4000090FFE7E9
:107D8000BDF80600202805D1FFE7009840F020004C
:107D90000090FFE7FFE7009A029801680868104327
:107DA000086003B07047000081B000900098006840
:107DB000806900F002010020B0EB510F05D0FFE711
:107DC0000098016800208862FFE7009800688069D9
:107DD000C00738B9FFE700980168886940F00100E2
:107DE0008861FFE701B0704780B584B003900291CD
:107DF000039890F8410000F0280028287DD1FFE783
:107E0000039800688069C0F300408DF8070003986C
:107E10000068806900F47E00000CADF8040003984F
:107E2000006880686FF39F20ADF802000398006837
:107E3000C06800F0FE00ADF800000398C06802289A
:107E400047D1FFE7BDF8040000F00600BDF80220AE
:107E5000062101EAD211884223D1FFE7BDF80200D2
:107E6000ADF804000399886C013088640398806C35
:107E7000022815D1FFE70399002088640398016860
:107E80000820C861FFE70399002081F84000FFE760
:107E900003989DF80710BDF80420FBF73FFCFFE7AF
:107EA00016E0BDF80000ADF8040003984FF400415F
:107EB000FFF79EFEFFE70399002081F84000FFE7EF
:107EC00003989DF80710BDF80420FBF727FCFFE797
:107ED00012E003984FF40041FFF78AFEFFE7039991
:107EE000002081F84000FFE703989DF80710BDF8D7
:107EF0000420FBF713FCFFE70AE003980168082061
:107F0000C861FFE70399002081F84000FFE7FFE721
:107F100004B080BD80B584B003900291039890F8BE
:107F200041008DF807000399002081F84200039A70
:107F30000021CFF6FF71D16203994885029A039917
:107F4000486C104348649DF8070028280AD0FFE7D2
:107F50009DF80700292805D0FFE79DF807002A288B
:107F60000FD1FFE703980321FFF742FE0399282072
:107F700081F84100039948F6CD50C0F600004863EF
:107F800013E0039848F20301FFF732FE039890F8DC
:107F90004100602805D0FFE70399202081F84100C7
:107FA000FFE7039900204863FFE70398006B009008
:107FB0000398806BD8B3FFE70098112804D0FFE73F
:107FC0000098212833D1FFE7039800680068400437
:107FD000002807D5FFE703980168086820F480406F
:107FE0000860FFE70398806BFAF730FF012819D08B
:107FF000FFE70398816B47F61130C0F600008863F5
:10800000FFE70399002081F84000FFE70398806BA9
:10801000FAF7BAFE28B1FFE70398806B816B8847B7
:10802000FFE703E0039801F01FF8FFE743E0039840
:10803000C06BD8B3FFE70098122804D0FFE7009880
:10804000222833D1FFE70398006800680004002865
:1080500007D5FFE703980168086820F4004008602E
:10806000FFE70398C06BFAF7F1FE012819D0FFE78C
:108070000398C16B47F61130C0F600008863FFE734
:108080000399002081F84000FFE70398C06BFAF7DE
:108090007BFE28B1FFE70398C06B816B8847FFE741
:1080A00003E0039800F0E0FFFFE703E0039800F02F
:1080B000DBFFFFE7FFE704B080BD000080B582B0C2
:1080C0000190009101990020CFF6FF70C8620199DC
:1080D00000200863019A202182F84110019981F85B
:1080E0004200019948639DF8001001F00401B0EBD3
:1080F000910F1DD0FFE701980068406A0199496A15
:1081000008700199486A013048620198008D70B189
:10811000FFE70199088D013808850199488D0138DC
:1081200048850199486C40F004004864FFE7FFE788
:10813000019848F20301FFF75BFD019801681020E8
:10814000C861FFE70199002081F84000FFE701982E
:10815000FBF78AFB02B080BD80B586B00590049124
:1081600004980290059801682020C861059890F84D
:108170004100212808D1FFE705980121FFF738FDCC
:108180000599112008630FE0059890F84100222816
:1081900008D1FFE705980221FFF72AFD0599122073
:1081A000086300E0FFE7FFE70598016848684EF6BE
:1081B0000002CFF600621040486005990020486335
:1081C000059A0021CFF6FF71D1629DF8081001F0E9
:1081D0001001B0EB111F0AD0FFE7059801681020CD
:1081E000C8610599486C40F004004864FFE70598B1
:1081F00090F84100602810D1FFE79DF8080000F0DA
:1082000004010020B0EB910F07D0FFE7059800684C
:10821000406AC0B201900198FFE70598FFF7C4FDDE
:108220000598406C0390059890F84100602803D0B1
:10823000FFE7039828B1FFE70598416CFFF76AFE56
:1082400062E0059890F8410021282AD1FFE70599BE
:10825000202081F84100059900200863059890F8D6
:10826000420040280ED1FFE70599002081F8420026
:10827000FFE70599002081F84000FFE70598FBF72C
:1082800003FB0DE00599002081F84200FFE7059906
:10829000002081F84000FFE70598FBF7EDFAFFE7C3
:1082A00031E0059890F8410022282AD1FFE705998E
:1082B000202081F84100059900200863059890F876
:1082C000420040280ED1FFE70599002081F84200C6
:1082D000FFE70599002081F84000FFE70598FBF7CC
:1082E000CFFA0DE00599002081F84200FFE70599DB
:1082F000002081F84000FFE70598FBF7B9FAFFE797
:1083000000E0FFE7FFE7FFE706B080BD80B582B081
:1083100001900199002081F84200019890F84100F5
:10832000212818D1FFE70199202081F84100019907
:108330001120086301990020486301980121FFF78B
:1083400057FCFFE70199002081F84000FFE7019802
:10835000FBF792FA17E00199202081F8410001997A
:108360001220086301990020486301980221FFF759
:108370003FFCFFE70199002081F84000FFE70198EA
:10838000FBF776FAFFE702B080BD000080B586B04B
:108390000590049105980068006803900498029085
:1083A000059890F841008DF8070005980168202095
:1083B000C8619DF80700212805D0FFE79DF8070058
:1083C000292809D1FFE7059848F20101FFF710FCC1
:1083D00005992120086314E09DF80700222805D0A4
:1083E000FFE79DF807002A2809D1FFE7059848F222
:1083F0000201FFF7FDFB05992220086300E0FFE77B
:10840000FFE705980168486840F400404860059817
:10841000016848684EF60002CFF6006210404860DE
:108420000598FFF7C1FC9DF80D0000F04001002009
:10843000B0EB911F12D0FFE705980168086820F49F
:10844000804008600598806B38B1FFE70598806B25
:108450000068406805994885FFE71AE09DF80D100F
:108460000020B0EBD11F12D0FFE705980168086823
:1084700020F4004008600598C06B38B1FFE705980C
:10848000C06B0068406805994885FFE700E0FFE79A
:10849000FFE79DF8080000F004010020B0EB910F09
:1084A0001CD0FFE7029820F00400029005980068B5
:1084B000406A0599496A08700599486A013048621E
:1084C0000598008D48B1FFE70599088D01380885AA
:1084D0000599488D01384885FFE7FFE70598408DED
:1084E00030B1FFE70599486C40F004004864FFE7AD
:1084F0000599002081F84200059948630598406C71
:1085000080B1FFE70598416CFFF704FD059890F8EE
:108510004100282805D1FFE705980299FFF7CEFD15
:10852000FFE748E00598C06A10F5803F19D0FFE7E3
:10853000059800F043F805990020CFF6FF70C86257
:108540000599202081F84100059900200863FFE784
:108550000599002081F84000FFE70598FBF784F9B2
:1085600028E0059890F84100222811D1FFE70599ED
:10857000202081F84100059900200863FFE7059954
:10858000002081F84000FFE70598FBF7FFFB10E0B3
:108590000599202081F84100059900200863FFE734
:1085A0000599002081F84000FFE70598FBF7F2FBF2
:1085B000FFE7FFE7FFE706B080BD000080B582B0AF
:1085C000019001980068006800900199002081F8EE
:1085D00042009DF8011001F04001B0EB911F07D05F
:1085E000FFE701980168086820F4804008600FE008
:1085F0009DF801100020B0EBD11F07D0FFE70198D4
:108600000168086820F40040086000E0FFE7FFE729
:10861000019890F84100292815D1FFE701992820F9
:1086200081F8410001992120086301980121FFF799
:10863000DFFAFFE70199002081F84000FFE7019889
:10864000FBF7A8FB1CE0019890F841002A2815D1FF
:10865000FFE70199282081F8410001992220086351
:1086600001980221FFF7C4FAFFE70199002081F881
:108670004000FFE70198FBF789FB00E0FFE7FFE719
:1086800002B080BD80B58AB00990089107920020A1
:108690008DF81B000999096889690591049007986C
:1086A00003909DF81400C006002840F19580FFE774
:1086B000099801681020C861FFE70998006880697F
:1086C00000F0200200210846B1EB521F009007D1B4
:1086D000FFE79DF81B00B0FA80F040090090FFE72B
:1086E0000098C007002866D0FFE7089801300028EE
:1086F00060D0FFE7FAF76AFF0399401A08998842A9
:1087000004D8FFE70898002853D1FFE709980068CC
:10871000406800F480400290099890F842008DF87B
:10872000070009980068806981B20020B0EBD13F52
:1087300014D0FFE70298B0F5804F0FD0FFE79DF807
:10874000070020280AD0FFE709980168486840F42C
:1087500080404860FAF73AFF0390FFE7FFE7099887
:108760000068806900F020010020B0EB511F1FD18C
:10877000FFE7FAF72BFF0399401A1A2817D3FFE7F0
:108780000999486C40F0200048640999202081F83C
:1087900041000999002081F84200FFE70999002073
:1087A00081F84000FFE701208DF81B00FFE7D6E7C6
:1087B000FFE7FFE781E79DF81B0028B9FFE709986D
:1087C00001682020C861FFE7049840F0040004908D
:1087D00001208DF81B00FFE709980068806905906B
:1087E0009DF81500C00768B1FFE7049840F001004C
:1087F0000490099801684FF48070C86101208DF8D9
:108800001B00FFE79DF81500400700280DD5FFE786
:10881000049840F008000490099801684FF48060C3
:10882000C86101208DF81B00FFE79DF81500800747
:1088300000280DD5FFE7049840F002000490099845
:1088400001684FF40070C86101208DF81B00FFE73C
:108850009DF81B0000B3FFE70998FFF7A5FA0998F8
:10886000016848684EF60002CFF60062104048608A
:10887000049A0999486C104348640999202081F8AA
:1088800041000999002081F84200FFE70999002082
:1088900081F84000FFE7FFE79DF81B000AB080BDAC
:1088A00080B588B0069005910492FFE7069890F88D
:1088B0004000012804D1FFE702208DF81F0002E1EB
:1088C0000699012081F84000FFE7FFE79DF81400BA
:1088D00000F010010020B0EB111F1AD0FFE79DF847
:1088E000100000F010010020B0EB111F11D0FFE7C5
:1088F000069801681020C8610699486C40F0040091
:10890000486406982021FFF7D9F90698FFF74CFA3A
:10891000CFE09DF814100020B0EBD11F76D0FFE718
:108920009DF8100000F040010020B0EB911F6DD0C9
:10893000FFE706980168086820F040000860069884
:10894000408D00284ED0FFE70698006840686FF31E
:108950009F20ADF80E000698408DB0F5807F07D3BC
:10896000FFE70699FF2008854FF08070029012E023
:108970000698408D069908850698C06A10F5803FD4
:1089800004D0FFE70698C06A029003E04FF0007041
:108990000290FFE7FFE70698BDF80E1090F8282038
:1089A000029BEE464FF0000CCEF800C000F032FB08
:1089B00006990A8D488D801A4885069890F84100DE
:1089C000222807D1FFE706980168086840F40040B4
:1089D000086006E006980168086840F48040086076
:1089E000FFE712E006980068406800F00070B0F100
:1089F000007F04D0FFE70698FFF788FC04E00698A4
:108A00004021FFF787FAFFE7FFE751E09DF81400E8
:108A100000F040010020B0EB911F2FD0FFE79DF840
:108A2000100000F040010020B0EB911F26D0FFE7BE
:108A30000698408DE0B9FFE706980068406800F0AE
:108A40000070B0F1007F12D0FFE70698C06A10F501
:108A5000803F07D1FFE706980168486840F48040EE
:108A6000486003E00698FFF751FCFFE7FFE704E0EA
:108A700006984021FFF74EFAFFE718E09DF8140032
:108A800000F020010020B0EB511F0ED0FFE79DF851
:108A9000100000F020010020B0EB511F05D0FFE7CF
:108AA00006980599FFF758FB00E0FFE7FFE7FFE7AF
:108AB000FFE7FFE70699002081F84000FFE700206C
:108AC0008DF81F00FFE79DF81F0008B080BD000073
:108AD00080B586B0DDF824C0DDF820C00490ADF884
:108AE0000E10ADF80C20ADF80A300498BDF80E1049
:108AF0009DF80A20EC4642F20003C8F20003CCF8CD
:108B00000030002300F086FA04980899099A00F0D2
:108B10001DFB20B1FFE701208DF8170033E0BDF801
:108B20000A00012806D1FFE79DF80C0004990968A6
:108B3000886215E09DF80D00049909688862049820
:108B40000899099A00F002FB20B1FFE701208DF897
:108B5000170018E09DF80C00049909688862FFE787
:108B60000498089B09996A4611604021002200F090
:108B7000A5FA20B1FFE701208DF8170003E00020DF
:108B80008DF81700FFE79DF8170006B080BD0000C4
:108B900080B588B00690059104920698C06A03904B
:108BA00000200290FFE7069890F84000012804D1C9
:108BB000FFE702208DF81F0004E10699012081F8EB
:108BC0004000FFE7FFE79DF8140000F020010020BF
:108BD000B0EB511F0ED0FFE79DF8100000F0200110
:108BE0000020B0EB511F05D0FFE706980599FFF76D
:108BF000CDFBFFE79DF8140000F010010020B0EB62
:108C0000111F00F0BC80FFE79DF8100000F010017C
:108C10000020B0EB111F00F0B280FFE79DF81100BB
:108C200000F040010020B0EB911F08D1FFE79DF854
:108C300011100020B0EBD11F00F09B80FFE70698D9
:108C4000C06B90B1FFE79DF811100020B0EBD11F71
:108C50000AD0FFE70698C06B0068406818B9FFE7C4
:108C600001200290FFE7FFE7FFE70698806BA0B1C5
:108C7000FFE79DF8110000F040010020B0EB911FCC
:108C80000AD0FFE70698806B0068406818B9FFE7D4
:108C900001200290FFE7FFE7FFE7029801282DD1AE
:108CA000FFE7069890F8410028280AD1FFE70398CB
:108CB000B0F1007F05D1FFE706980599FFF7FEF9AF
:108CC0001BE0069890F84100292810D1FFE703988F
:108CD00010F5803F0BD0FFE7069801681020C861AF
:108CE0000698FFF761F80698FFF768FC04E006981D
:108CF00001681020C861FFE7FFE739E006980168C6
:108D00001020C8610699486C40F004004864069839
:108D100090F841008DF80700039828B1FFE7039809
:108D2000B0F1807F23D1FFE79DF80700212805D00F
:108D3000FFE79DF80700292804D1FFE706992120C5
:108D400008630FE09DF80700222805D0FFE79DF893
:108D500007002A2804D1FFE706992220086300E0D3
:108D6000FFE7FFE70698416CFFF7D4F8FFE7FFE75E
:108D700004E0069801681020C861FFE718E09DF83C
:108D8000140000F008010020B0EBD10F0ED0FFE777
:108D90009DF8100000F008010020B0EBD10F05D0C5
:108DA000FFE706980599FFF71FF800E0FFE7FFE7E8
:108DB000FFE70699002081F84000FFE700208DF8CA
:108DC0001F00FFE79DF81F0008B080BD80B586B08A
:108DD0000490039102920498C06A01900398009055
:108DE000FFE7049890F84000012804D1FFE7022033
:108DF0008DF8170009E10499012081F84000FFE790
:108E0000FFE79DF8000000F020010020B0EB511FAB
:108E10000ED0FFE79DF8080000F020010020B0EB25
:108E2000511F05D0FFE704980099FFF7AFFAFFE75D
:108E30009DF8000000F010010020B0EB111F52D08F
:108E4000FFE79DF8080000F010010020B0EB111FB3
:108E500049D0FFE70498408D68BBFFE7049890F87D
:108E6000410028280AD1FFE70198B0F1007F05D121
:108E7000FFE704980099FFF721F91BE0049890F8A8
:108E80004100292810D1FFE7019810F5803F0BD051
:108E9000FFE7049801681020C8610498FEF784FF7A
:108EA0000498FFF78BFB04E0049801681020C86168
:108EB000FFE7FFE716E0049801681020C8610499F5
:108EC000486C40F004004864019828B1FFE701981D
:108ED000B0F1807F05D1FFE70498416CFFF71AF8E5
:108EE000FFE7FFE787E09DF8000000F004010020A5
:108EF000B0EB910F2ED0FFE79DF8080000F00401C1
:108F00000020B0EB910F25D0FFE70498408D98B179
:108F1000FFE704980068406A0499496A0870049958
:108F2000486A013048620499088D0138088504991F
:108F3000488D01384885FFE70498408D48B9FFE720
:108F4000019810F5803F04D0FFE70498FFF736FB47
:108F5000FFE74FE09DF8000000F008010020B0EBB3
:108F6000D10F0ED0FFE79DF8080000F008010020A7
:108F7000B0EBD10F05D0FFE704980099FEF734FF5E
:108F800037E09DF8000000F002010020B0EB510F27
:108F90002DD0FFE79DF8080000F002010020B0EBA3
:108FA000510F24D0FFE70498408D90B1FFE704985B
:108FB0000168406A007888620499486A0130486212
:108FC0000499488D013848850499088D0138088531
:108FD0000CE00198B0F1807F03D0FFE7019820B941
:108FE000FFE70498FFF7EAFAFFE7FFE700E0FFE793
:108FF000FFE7FFE7FFE7FFE70499002081F8400063
:10900000FFE700208DF81700FFE79DF8170006B076
:1090100080BD000084B0DDF810C00390ADF80A10E8
:109020008DF809200193BDF80A006FF39F209DF889
:10903000091040EA0140019908430499084320F0CF
:1090400000400090039800684068049920EA51505D
:1090500049F60041CFF600410840009908430399C2
:109060000968486004B0704780B582B001900198EB
:1090700090F84100602811D1FFE70199202081F884
:109080004100019900200863FFE70199002081F861
:109090004000FFE70198FAF73DFB0CE00199002042
:1090A0000863FFE70199002081F84000FFE701987D
:1090B000FAF754FBFFE702B080BD000080B586B030
:1090C000DDF820C0049003918DF80B200193FFE799
:1090D00004980068806903990840401AB0FA80F04B
:1090E00040099DF80B10884228D1FFE70198013014
:1090F00018B3FFE7FAF76AFA0899401A019988420B
:1091000003D8FFE70198B8B9FFE70499486C40F02D
:10911000200048640499202081F84100049900202F
:1091200081F84200FFE70499002081F84000FFE742
:1091300001208DF8170005E0FFE7C9E700208DF852
:109140001700FFE79DF8170006B080BD80B584B01A
:10915000029001910092FFE702980068806900F098
:1091600002010020B0EB510F33D1FFE702980199C3
:10917000009AFFF787FA20B1FFE701208DF80F0072
:109180002BE00198013018B3FFE7FAF71FFA0099B6
:10919000401A0199884203D8FFE70198B8B9FFE760
:1091A0000299486C40F0200048640299202081F820
:1091B00041000299002081F84200FFE70299002057
:1091C00081F84000FFE701208DF80F0005E0FFE780
:1091D000C2E700208DF80F00FFE79DF80F0004B0F4
:1091E00080BD000081B00090009988684FF6C07281
:1091F000C5F6FF721040886001B0704781B00090E2
:10920000009880684FF6C071C7F6FF7108400130C2
:109210000099886001B0704781B000900098806824
:1092200040F080504FF6C071C7F6FF7108400099BA
:10923000886001B07047000081B00090009880689D
:1092400000F0E07001B0704781B000900098806835
:1092500000F01F0001B0704783B0029001910298A6
:10926000019900EB8100603000900098006800F0E8
:10927000F84003B07047000081B00090009880680B
:10928000C0F3C00001B0704781B0009000988068C2
:10929000C0F3407001B0704781B0009000988068C2
:1092A00000F0010001B0704781B000900098806824
:1092B00000F0010001B0704781B000900098806814
:1092C000C0F3007001B0704781B0009000988068D2
:1092D000C0F3800001B0704781B0009000988068B2
:1092E000C0F3800001B0704781B000900098C06862
:1092F00000F44060B0FA80F0400901B0704700000F
:1093000084B00390029101920398029901F4407194
:1093100000EB91103030009000980068029901F045
:109320001F021F21914088430199C1F3846191403C
:1093300008430099086004B07047000081B00090B5
:10934000009880684FF6C071C7F6FF71084004307E
:109350000099886001B0704784B003900291019237
:109360000398029901F0007100EBD1501430009085
:10937000009800680299C1F3045207219140884384
:109380000199914008430099086004B070470000BB
:1093900083B002900191009200980021C4F27F01F5
:1093A00088420AD1FFE7019A6FF3DF420299D1F8B0
:1093B000B0001043C1F8B0000CE001990020CFF6D6
:1093C000F87060EA01020299D1F8B0001040C1F8CB
:1093D000B000FFE703B0704782B0019000910198A0
:1093E000806820F47C10009908430199886002B0DD
:1093F0007047000082B0019000910198806820F0D1
:10940000E070009908430199886002B0704700003D
:1094100085B004900391029201930498039900EBA4
:10942000810060300090009800684FF20001C0F2A7
:10943000FF310140029800F0F840019A10430843C0
:1094400040F000400099086005B0704784B0039078
:10945000029101920398029900EB81006030009024
:109460000098006820F00070019908430099086096
:1094700004B0704784B0039002910192039802995E
:1094800000EB8100603000900098006820F0807050
:10949000019908430099086004B0704784B00390B4
:1094A000029101920398029900EB810060300090D4
:1094B0000098006820F00040019908430099086076
:1094C00004B0704782B0019000910198406920F08B
:1094D0000040009908430199486102B070470000BC
:1094E00080B58EB0002101910D910C910B910A91E4
:1094F000099108910791069105910491039140F219
:109500007410C2F20000029040F20042C5F2000264
:1095100002604FF4403242608160C160016141618C
:1095200004228261017741770122026280F82410CF
:10953000C162016380F83810C16380F84010F9F708
:109540005DF818B1FFE7F8F74FFAFFE700200B903E
:1095500040F27410C2F200000BA9F8F74DFA18B1EE
:10956000FFE7F8F741FAFFE740F60000C2F6306087
:10957000039006200490002005907F21069104218D
:109580000791089040F27410C2F2000003A9F8F7A6
:10959000ADFB18B1FFE7F8F727FAFFE70EB080BD83
:1095A00080B592B0FFE741F24800C4F202000168C2
:1095B00041F004010160006800F00400119011986E
:1095C000FFE7FFE741F24800C4F20200016841F002
:1095D00001010160006800F0010010901098FFE7A1
:1095E000FFE741F24800C4F20200016841F00201C5
:1095F0000160006800F002000F900F98FFE70B2059
:10960000019000220D921146FAF760FC0198FAF7DA
:1096100053FC0D9A0C2002901146FAF757FC029861
:10962000FAF74AFC0D9A0D2003901146FAF74EFC0A
:109630000398FAF741FC0D9A0E2004901146FAF7B0
:1096400045FC0498FAF738FC0D9A0F200590114656
:10965000FAF73CFC0598FAF72FFC0D9A10200690BB
:109660001146FAF733FC0698FAF726FC0D9A1120FA
:1096700007901146FAF72AFC0798FAF71DFC0D9A95
:10968000382008901146FAF721FC0898FAF714FCE4
:109690000D9A392009901146FAF718FC0998FAF743
:1096A0000BFC0D9A3A200A901146FAF70FFC0A9823
:1096B000FAF702FC0D9A3B200B901146FAF706FCD4
:1096C0000B98FAF7F9FB0D9A3C200C901146FAF72B
:1096D000FDFB0C98FAF7F0FB0D9A60200E901146F6
:1096E000FAF7F4FB0E98FAF7E7FB12B080BD000022
:1096F00080B59AB000201990189017901690159088
:10970000FFE741F24C00C4F20200016841F0100191
:109710000160006800F0100014901498FFE7FFE764
:1097200041F24C00C4F20200016841F00401016002
:10973000006800F0040013901398FFE7FFE741F280
:109740004C00C4F20200016841F020010160006891
:1097500000F0200012901298FFE7FFE741F24C0062
:10976000C4F20200016841F001010160006800F0EC
:10977000010011901198FFE7FFE741F24C00C4F29D
:109780000200016841F002010160006800F002007F
:1097900010901098FFE7FFE741F24C00C4F202007E
:1097A000016841F008010160006800F008000F90B6
:1097B0000F98FFE741F20000C4F60000019040F26C
:1097C000C351009100220B92F9F7EAFE0B9A40F682
:1097D0000000C4F60000039043F20F010291F9F774
:1097E000DFFE0B9A41F20040C4F6000005904FF4F2
:1097F00000710491F9F7D4FE0B9A4FF09040079056
:1098000041F610410691F9F7CBFE0B9A40F2004069
:10981000C4F6000009900E210891F9F7C1FE0B9AD9
:1098200040F60040C4F600000D90E2210A91F9F7DD
:10983000B7FE01980B992C221592022216921791CD
:1098400018910521199115A90E91F9F7DDFC009BDE
:1098500001980B9A0E99159301230C931693179266
:109860001892F9F7D1FCDDF808C003980B9A0C9B0D
:109870000E99CDF854C0169317921892F9F7C4FCBC
:10988000DDF810C005980B9A0C9B0E99CDF854C0CA
:10989000169317921892F9F7B7FCDDF818C00798DD
:1098A0000B9A0C9B0E99CDF854C0169317921892F0
:1098B000F9F7AAFCDDF820C009980B9A0C9B0E99C9
:1098C000CDF854C0169317921892F9F79DFC099899
:1098D0000B9B0C9A0E994FF4006CCDF854C0169364
:1098E0001792F9F791FCDDF828C00B9A0C9B0D98A4
:1098F0000E99CDF854C0169317921892F9F784FC7C
:109900000B9B0C9A0D980E994FF0040CCDF854C097
:1099100016931792F9F778FC1AB080BD80B582B023
:1099200040F2C060C2F20000019045F20041C4F272
:10993000000101604EF6FF51C2F2C00141600021FA
:1099400081600122C260016141618161C161016286
:10995000F9F708FF18B1FFE7F8F746F8FFE740F21C
:10996000C060C2F200000021F9F736FE18B1FFE72F
:10997000F8F73AF8FFE740F2C060C2F200000021B9
:10998000F9F776FE18B1FFE7F8F72EF8FFE702B017
:1099900080BD000080B582B040F20C70C2F20000C1
:1099A000019045F60001C4F2000101604EF6FF513E
:1099B000C2F2C0014160002181600122C2600161E8
:1099C00041618161C1610162F9F7CCFE18B1FFE725
:1099D000F8F70AF8FFE740F20C70C2F2000000212D
:1099E000F9F7FAFD18B1FFE7F7F7FEFFFFE740F2DE
:1099F0000C70C2F200000021F9F73AFE18B1FFE73F
:109A0000F7F7F2FFFFE702B080BD000080B582B03B
:109A100040F25870C2F20000009043F20001C4F21C
:109A2000010101604FF48271416000210191816068
:109A30004FF44072C260016141614FF40072826173
:109A4000C1610162416281620722C2620163082131
:109A50004163FBF7F1FB18B1FFE7F7F7C5FFFFE73D
:109A600002B080BD80B59EB0002001901D901C907A
:109A70001B901A90199018901790169015901490AA
:109A8000139012901190109003A83421F6F716FD50
:109A9000019940F60800C2F20000029044F2000270
:109AA000C4F2010202603B22426081604CF24F32FC
:109AB000C2600161416180218161FBF75FFE18B1E5
:109AC000FFE7F7F791FFFFE74FF480501A9040F659
:109AD0000800C2F200001AA9FBF7B6FF18B1FFE7B1
:109AE000F7F782FFFFE740F60800C2F20000FCF73C
:109AF000EFFD18B1FFE7F7F777FFFFE700201790BA
:109B0000199040F60800C2F2000017A9FBF778FD93
:109B100018B1FFE7F7F768FFFFE760201090002219
:109B200011921292139214921592169240F6080016
:109B3000C2F2000010A9FCF7F3FC18B1FFE7F7F739
:109B400053FFFFE740F60800C2F2000010A904220C
:109B5000FCF7E6FC18B1FFE7F7F746FFFFE7002048
:109B6000039004900590069007904FF400510891DF
:109B700009900F9040F60800C2F2000003A9FBF71D
:109B800059FC18B1FFE7F7F72FFFFFE740F6080091
:109B9000C2F20000FCF760FC1EB080BD80B590B042
:109BA00007A801902421F6F789FC0199002202926E
:109BB00006920592049240F2BC70C2F2000003903B
:109BC00042F60043C4F201030360426082604FF634
:109BD000FF73C360026142618261032307930892AD
:109BE000012309930A920B920C920D930E920F92FD
:109BF000FCF728F818B1FFE7F7F7F6FEFFE70020BB
:109C000004900590069040F2BC70C2F2000004A9D6
:109C1000FBF7F6FC18B1FFE7F7F7E6FEFFE710B039
:109C200080BD000080B58EB005A800902421F6F715
:109C300045FC00990022019204920392029240F6A0
:109C40005400C2F200004FF0804303604260826023
:109C50004FF0FF33C36002618261032305930692D4
:109C600001230793089209920A920B930C920D928A
:109C7000FBF7E8FF18B1FFE7F7F7B6FEFFE70020B4
:109C80000290049040F65400C2F2000002A9FBF7D3
:109C9000B7FC18B1FFE7F7F7A7FEFFE70EB080BDEE
:109CA00080B58EB005A800902421F6F707FC009936
:109CB0000022019204920392029240F6A000C2F2A6
:109CC000000040F20043C4F200030360426082607F
:109CD0004FF6FF73C360026182610323059306920E
:109CE00001230793089209920A920B930C920D920A
:109CF000FBF7A8FF18B1FFE7F7F776FEFFE70020B4
:109D00000290049040F6A000C2F2000002A9FBF706
:109D100077FC18B1FFE7F7F767FEFFE70EB080BDED
:109D200080B58EB005A800902421F6F7C7FB0099F6
:109D30000022019204920392029240F6EC00C2F2D9
:109D4000000040F60003C4F200030360426082603A
:109D50004FF6FF73C360026182610323059306928D
:109D600001230793089209920A920B930C920D9289
:109D7000FBF768FF18B1FFE7F7F736FEFFE70020B3
:109D80000290049040F6EC00C2F2000002A9FBF73A
:109D900037FC18B1FFE7F7F727FEFFE70EB080BDED
:109DA00080B588B00021009107910691059104913A
:109DB00003910291019140F63810C2F2000040F682
:109DC0000042C4F20002026095224260816040F2CB
:109DD000E732C260016180218161FBF7CFFC18B1DD
:109DE000FFE7F7F701FEFFE74FF48050049040F6DD
:109DF0003810C2F2000004A9FBF726FE18B1FFE7F5
:109E0000F7F7F2FDFFE700200190039040F63810CD
:109E1000C2F2000001A9FBF7F3FB18B1FFE7F7F767
:109E2000E3FDFFE708B080BD80B584B00021039159
:109E30000291019140F68410C2F2000041F200024A
:109E4000C4F200020260022242608160F921C16016
:109E500080218161FBF792FC18B1FFE7F7F7C4FDA1
:109E6000FFE700200190039040F68410C2F200004A
:109E700001A9FBF7C5FB18B1FFE7F7F7B5FDFFE751
:109E800004B080BD80B59AB0002001901990189060
:109E900017901690159014901390129011901090A6
:109EA00003A83421F6F70AFB019940F6D010C2F25C
:109EB0000000029043F20042C4F201020260182244
:109EC0004260816040F6B732C26001614161802129
:109ED0008161FCF7FDFB18B1FFE7F7F785FDFFE7B0
:109EE000002017901890199040F6D010C2F2000090
:109EF00017A9FBF785FB18B1FFE7F7F775FDFFE73B
:109F000060201090002211921292139214921592D6
:109F1000169240F6D010C2F2000010A9FCF700FB28
:109F200018B1FFE7F7F760FDFFE740F6D010C2F287
:109F3000000010A90422FCF7F3FA18B1FFE7F7F7C5
:109F400053FDFFE740F6D010C2F2000010A908222E
:109F5000FCF7E6FA18B1FFE7F7F746FDFFE740F632
:109F6000D010C2F2000010A90C22FCF7D9FA18B1E7
:109F7000FFE7F7F739FDFFE700200090039004901A
:109F80000590069007904FF40051089109900A90AF
:109F90000B904FF000710C910D900E900F9040F6C9
:109FA000D010C2F2000003A9FBF744FA18B1FFE792
:109FB000F7F71AFDFFE740F6D010C2F20000FCF7F9
:109FC0004BFA1AB080BD000080B582B040F6CC30AC
:109FD000C2F20000009044F60041C4F200010160AA
:109FE0004FF4E1314160002101918160C160016164
:109FF0000C2242618161C161016241628162FDF7AF
:10A00000D9F918B1FFE7F7F7EFFCFFE740F6CC30DE
:10A01000C2F200000021FCF7D9FE18B1FFE7F7F704
:10A02000E3FCFFE740F6CC30C2F200000021FCF771
:10A0300087FE18B1FFE7F7F7D7FCFFE740F6CC3013
:10A04000C2F20000FCF734FE18B1FFE7F7F7CCFCD2
:10A05000FFE702B080BD000080B582B040F61C2052
:10A06000C2F20000009043F60001C4F20101016059
:10A070004FF4E1314160002101918160C1600161D3
:10A080000C2242618161C161016241628162FDF71E
:10A0900091F918B1FFE7F7F7A7FCFFE740F61C209E
:10A0A000C2F200000021FCF791FE18B1FFE7F7F7BC
:10A0B0009BFCFFE740F61C20C2F200000021FCF7E9
:10A0C0003FFE18B1FFE7F7F78FFCFFE740F61C20D3
:10A0D000C2F20000FCF7ECFD18B1FFE7F7F784FCD3
:10A0E000FFE702B080BD000080B582B040F6AC2032
:10A0F000C2F20000009044F20041C4F2000101608D
:10A100004FF4E1314160002101918160C160016142
:10A110000C2242618161C161016241628162FDF78D
:10A1200049F918B1FFE7F7F75FFCFFE740F6AC200D
:10A13000C2F200000021FCF749FE18B1FFE7F7F773
:10A1400053FCFFE740F6AC20C2F200000021FCF710
:10A15000F7FD18B1FFE7F7F747FCFFE740F6AC2043
:10A16000C2F20000FCF7A4FD18B1FFE7F7F73CFCD2
:10A17000FFE702B080BD000080B582B040F63C3001
:10A18000C2F20000009044F60001C4F20001016038
:10A190004FF4E1314160002101918160C1600161B2
:10A1A0000C2242618161C161016241628162FDF7FD
:10A1B00001F918B1FFE7F7F717FCFFE740F63C306D
:10A1C000C2F200000021FCF701FE18B1FFE7F7F72B
:10A1D0000BFCFFE740F63C30C2F200000021FCF728
:10A1E000AFFD18B1FFE7F7F7FFFBFFE740F63C30A4
:10A1F000C2F20000FCF75CFD18B1FFE7F7F7F4FBD3
:10A20000FFE702B080BD0000FFE7FEE7FFE7FEE7E3
:10A2100088B0079006910592079800F00700049017
:10A220000498C0F10700052803D3FFE7042001903C
:10A2300004E00498C0F107000190FFE70198039043
:10A2400004980430062803D8FFE70020009003E0BC
:10A25000049803380090FFE700980290069803994D
:10A26000012202FA01F101390840029B9840059948
:10A270009A40013A1140084308B070477047000007
:10A2800086B041F20C00C4F20200016801F0030143
:10A2900004910068C1B2012000EB111002900498F3
:10A2A0000090022815D0FFE70098032812D1FFE79D
:10A2B000029941F20020C0F27A00B0FBF1F041F2C5
:10A2C0000C01C4F202010968C1F30621484305905C
:10A2D00011E0FFE7029942F20040C0F2F400B0FB47
:10A2E000F1F041F20C01C4F202010968C1F3062148
:10A2F00048430590FFE741F20C00C4F202000068F9
:10A3000000F0C061022000EB1160039005980399F2
:10A31000B0FBF1F00190019806B070477047000063
:10A3200080B582B0009000980138B0F1807F03D3EF
:10A33000FFE70120019019E0009801384EF2140166
:10A34000CEF2000108604FF0FF300F2101F0A2FBB8
:10A350004EF21801CEF20001002008604EF2100209
:10A36000CEF20002072111600190FFE7019802B0D0
:10A3700080BD000080B5F9F711FD80BD80B594B0B7
:10A3800006A800903821F6F799F80020059004906F
:10A390000390029001904FF40070F9F7B7FD009818
:10A3A000022106914FF48072099240220A920D9187
:10A3B0000E9104220F924B2210921191129113913F
:10A3C000FAF75AFB18B1FFE7F7F70EFBFFE70F208C
:10A3D000019003200290002003900490059001A8B2
:10A3E0000421FAF709F918B1FFE7F7F7FDFAFFE7DB
:10A3F00014B080BD4EF68851CEF20001086840F4DA
:10A40000700008607047000080B540F2BC70C2F276
:10A410000000FBF74FFE80BD80B540F63810C2F259
:10A420000000FBF747FE80BD80B540F68410C2F205
:10A430000000FBF73FFE80BD83B0029001910298BF
:10A4400000680090029842F60041C4F2010188427F
:10A450002DD0FFE70298B0F1804F28D0FFE7029897
:10A4600040F20041C4F20001884220D0FFE7029888
:10A4700040F60001C4F20001884218D0FFE70298BC
:10A4800040F60041C4F20001884210D0FFE7029874
:10A4900043F20041C4F20101884208D0FFE702986C
:10A4A00045F20001C4F2010188420AD1FFE7009899
:10A4B00020F07000009001984168009808430090D7
:10A4C000FFE7029842F60041C4F20101884245D0FC
:10A4D000FFE70298B0F1804F40D0FFE7029840F2CA
:10A4E0000041C4F20001884238D0FFE7029840F6EC
:10A4F0000001C4F20001884230D0FFE7029840F624
:10A500000041C4F20001884228D0FFE7029843F2DC
:10A510000041C4F20101884220D0FFE7029844F2D2
:10A520000001C4F20101884218D0FFE7029844F20A
:10A530000041C4F20101884210D0FFE7029844F6BE
:10A540000001C4F20101884208D0FFE7029845F2F9
:10A550000001C4F2010188420AD1FFE7009820F40B
:10A56000407000900198C168009808430090FFE790
:10A57000009820F0800001994969084300900098F4
:10A5800002990860019880680299C8620198006881
:10A5900002998862029842F60041C4F201018842A1
:10A5A00028D0FFE7029843F20041C4F2010188423B
:10A5B00020D0FFE7029844F20001C4F20101884272
:10A5C00018D0FFE7029844F20041C4F2010188422A
:10A5D00010D0FFE7029844F60001C4F2010188425E
:10A5E00008D0FFE7029845F20001C4F20101884259
:10A5F00005D1FFE70198006902990863FFE7029916
:10A600000120486103B0704784B003900291019229
:10A61000029800F01F01012088400090009A0399E1
:10A62000086A904308620198029901F01F0100FA3C
:10A6300001F20399086A1043086204B070470000F1
:10A6400085B0049003910292019304988068009071
:10A65000009820F47F40009003980299019A41EA03
:10A6600002210143009808430090009804998860F3
:10A6700005B0704783B00290019102988068009005
:10A6800000984FF68F71CFF6CF7108400090019877
:10A690000099084340F007000090009802998860F4
:10A6A00003B0704785B0049003910499086A20F0C4
:10A6B000010008620498006A0190049840680090C4
:10A6C00004988069029002984FF68F71CFF6FE7160
:10A6D00008400290029820F003000290039801685D
:10A6E000029808430290019820F00200019003981C
:10A6F0008168019808430190049842F60041C4F231
:10A700000101884228D0FFE7049843F20041C4F2D7
:10A710000101884220D0FFE7049844F20001C4F20E
:10A720000101884218D0FFE7049844F20041C4F2C6
:10A730000101884210D0FFE7049844F60001C4F2FA
:10A740000101884208D0FFE7049845F20001C4F2F5
:10A75000010188420ED1FFE7019820F00800019026
:10A760000398C168019808430190019820F0040003
:10A770000190FFE7049842F60041C4F201018842CB
:10A7800028D0FFE7049843F20041C4F20101884257
:10A7900020D0FFE7049844F20001C4F2010188428E
:10A7A00018D0FFE7049844F20041C4F20101884246
:10A7B00010D0FFE7049844F60001C4F2010188427A
:10A7C00008D0FFE7049845F20001C4F20101884275
:10A7D00013D1FFE7009820F480700090009820F4D7
:10A7E0000070009003984169009808430090039816
:10A7F0008169009808430090FFE700980499486039
:10A800000298049988610398406804994863019804
:10A810000499086205B0704785B0049003910499CB
:10A82000086A20F0100008620498006A01900498F9
:10A8300040680090049880690290029848F6FF7181
:10A84000CFF6FF6108400290029820F44070029019
:10A8500003980168029840EA01200290019820F0D4
:10A860002000019003988168019840EA011001904E
:10A87000049842F60041C4F20101884231D0FFE75A
:10A88000049843F20041C4F20101884229D0FFE755
:10A89000049844F20001C4F20101884203D1FFE7A9
:10A8A0000020F0B9FFE7049844F20041C4F201012E
:10A8B000884203D1FFE7002098B9FFE7049844F6E7
:10A8C0000001C4F20101884203D1FFE7002040B932
:10A8D000FFE7049845F20001C4F2010188420FD15C
:10A8E000FFE7019820F0800001900398C16801986B
:10A8F00040EA01100190019820F040000190FFE72C
:10A90000049842F60041C4F20101884228D0FFE7D2
:10A91000049843F20041C4F20101884220D0FFE7CD
:10A92000049844F20001C4F20101884218D0FFE704
:10A93000049844F20041C4F20101884210D0FFE7BC
:10A94000049844F60001C4F20101884208D0FFE7F0
:10A95000049845F20001C4F20101884215D1FFE7D5
:10A96000009820F480600090009820F4006000902F
:10A9700003984169009840EA81000090039881693A
:10A98000009840EA81000090FFE700980499486031
:10A990000298049988610398406804998863019833
:10A9A0000499086205B0704785B00490039104993A
:10A9B000086A20F4807008620498006A0190049884
:10A9C000406800900498C069029002984FF68F7119
:10A9D000CFF6FE7108400290029820F0030002902A
:10A9E00003980168029808430290019820F40070CF
:10A9F000019003988168019840EA01200190049831
:10AA000042F60041C4F20101884231D0FFE70498C8
:10AA100043F20041C4F20101884229D0FFE70498C3
:10AA200044F20001C4F20101884203D1FFE7002093
:10AA3000F0B9FFE7049844F20041C4F201018842F2
:10AA400003D1FFE7002098B9FFE7049844F600011E
:10AA5000C4F20101884203D1FFE7002040B9FFE7BB
:10AA6000049845F20001C4F2010188420FD1FFE7CA
:10AA7000019820F4006001900398C168019840EAB1
:10AA800001200190019820F480600190FFE7049874
:10AA900042F60041C4F20101884228D0FFE7049841
:10AAA00043F20041C4F20101884220D0FFE704983C
:10AAB00044F20001C4F20101884218D0FFE7049873
:10AAC00044F20041C4F20101884210D0FFE704982B
:10AAD00044F60001C4F20101884208D0FFE704985F
:10AAE00045F20001C4F20101884215D1FFE7009848
:10AAF00020F480500090009820F4005000900398BB
:10AB00004169009840EA011000900398816900981B
:10AB100040EA01100090FFE700980499486002980D
:10AB20000499C861039840680499C863019804991E
:10AB3000086205B07047000085B004900391049945
:10AB4000086A20F4805008620498006A0190049812
:10AB5000406800900498C0690290029848F6FF711E
:10AB6000CFF6FF6108400290029820F440700290F6
:10AB700003980168029840EA01200290019820F4AD
:10AB80000050019003988168019840EA01300190DB
:10AB9000049842F60041C4F20101884231D0FFE737
:10ABA000049843F20041C4F20101884229D0FFE732
:10ABB000049844F20001C4F20101884203D1FFE786
:10ABC0000020F0B9FFE7049844F20041C4F201010B
:10ABD000884203D1FFE7002098B9FFE7049844F6C4
:10ABE0000001C4F20101884203D1FFE7002040B90F
:10ABF000FFE7049845F20001C4F2010188420FD139
:10AC0000FFE7019820F4004001900398C168019883
:10AC100040EA01300190019820F480400190FFE764
:10AC2000049842F60041C4F20101884228D0FFE7AF
:10AC3000049843F20041C4F20101884220D0FFE7AA
:10AC4000049844F20001C4F20101884218D0FFE7E1
:10AC5000049844F20041C4F20101884210D0FFE799
:10AC6000049844F60001C4F20101884208D0FFE7CD
:10AC7000049845F20001C4F20101884215D1FFE7B2
:10AC8000009820F480400090009820F4004000904C
:10AC900003984169009840EA811000900398816907
:10ACA000009840EA81100090FFE7009804994860FE
:10ACB00002980499C861039840680499086401984F
:10ACC0000499086205B0704785B004900391049917
:10ACD000086A20F4803008620498006A01900498A1
:10ACE000406800900498006D029002984FF68F71B2
:10ACF000CFF6FE710840029003980168029808435D
:10AD00000290019820F40030019003988168019826
:10AD100040EA01400190049842F60041C4F201016A
:10AD2000884228D0FFE7049843F20041C4F20101B1
:10AD3000884220D0FFE7049844F20001C4F20101E8
:10AD4000884218D0FFE7049844F20041C4F20101A0
:10AD5000884210D0FFE7049844F60001C4F20101D4
:10AD6000884208D0FFE7049845F20001C4F20101CF
:10AD700088420BD1FFE7009820F4803000900398C0
:10AD80004169009840EA01200090FFE7009804998B
:10AD9000486002980499086503984068049988649B
:10ADA00001980499086205B07047000085B00490CE
:10ADB00003910499086A20F4801008620498006ADC
:10ADC00001900498406800900498006D02900298E9
:10ADD00048F6FF71CFF6FF610840029003980168C2
:10ADE000029840EA01200290019820F4001001909E
:10ADF00003988168019840EA01500190049842F656
:10AE00000041C4F20101884228D0FFE7049843F2D0
:10AE10000041C4F20101884220D0FFE7049844F2C7
:10AE20000001C4F20101884218D0FFE7049844F2FF
:10AE30000041C4F20101884210D0FFE7049844F6B3
:10AE40000001C4F20101884208D0FFE7049845F2EE
:10AE50000001C4F2010188420BD1FFE7009820F401
:10AE60008020009003984169009840EA812000907A
:10AE7000FFE70098049948600298049908650398D0
:10AE800040680499C86401980499086205B0704745
:10AE900085B00490039102920498006A009004998E
:10AEA000086A20F001000862049880690190019806
:10AEB00020F0F00001900299019840EA0110019001
:10AEC000009820F00A000090039900980843009031
:10AED00001980499886100980499086205B0704748
:10AEE00085B00490039102920499086A20F0100042
:10AEF00008620498806901900498006A00900198A3
:10AF000020F4704001900299019840EA01300190CC
:10AF1000009820F0A00000900399009840EA0110EA
:10AF2000009001980499886100980499086205B01E
:10AF30007047000080B540F6CC30C2F20000FBF74D
:10AF400097FF80BD82B001900198406E40B9FFE745
:10AF500001990120A1F86A000199A1F8680032E086
:10AF600008208DF803008DF80200019800688068C1
:10AF7000C0F342608DF80100019800688068400FBE
:10AF80008DF800009DF802009DF800204DF67853E2
:10AF9000C0F60003995C48434DF67051C0F60001BD
:10AFA0008A5CB0FBF2F0019AA2F86A009DF80300F7
:10AFB0009DF801209B5C5843895CB0FBF1F001993E
:10AFC000A1F86800FFE702B07047000081B0009070
:10AFD000009890F82800C00758B1FFE70098006873
:10AFE000406820F40030009A1168D26A104348602B
:10AFF000FFE7009890F82800800700280BD5FFE7AE
:10B0000000980068406820F48030009A1168126B44
:10B0100010434860FFE7009890F828004007002898
:10B020000BD5FFE700980068406820F48020009A64
:10B030001168526B10434860FFE7009890F82800B1
:10B04000000700280BD5FFE700980068406820F44F
:10B050000040009A1168926B10434860FFE7009827
:10B0600090F82800C00600280BD5FFE7009800687C
:10B07000806820F48050009A1168D26B1043886079
:10B08000FFE7009890F82800800600280BD5FFE71E
:10B0900000980068806820F40050009A1168126CD3
:10B0A00010438860FFE7009890F8280040060028C9
:10B0B0001CD5FFE700980068406820F48010009AD3
:10B0C0001168526C104348600098406CB0F5801FC6
:10B0D0000BD1FFE700980068406820F4C000009A98
:10B0E0001168926C10434860FFE7FFE7009890F802
:10B0F0002800000600280BD5FFE70098006840688C
:10B1000020F40020009A1168D26C10434860FFE7D9
:10B1100001B0704780B584B0029002990020C1F858
:10B120008C00F8F753FA0190029800680068000755
:10B13000002812D5FFE70298019B6A466FF07E4116
:10B1400011604FF40011002200F0AEFB20B1FFE7C8
:10B1500003208DF80F002DE0FFE7029800680068DB
:10B160004007002812D5FFE70298019B6A466FF05E
:10B170007E4111604FF48001002200F095FB20B168
:10B18000FFE703208DF80F0014E0FFE7029920206D
:10B19000C1F884000299C1F8880002990020C866AD
:10B1A000FFE70299002081F88000FFE700208DF87A
:10B1B0000F00FFE79DF80F0004B080BD80B582B09E
:10B1C00001900198806A009000990020A1F85E002B
:10B1D0000099A1F856000098FBF746FE02B080BD2A
:10B1E00084B00390FFE7FFE70398006850E8000F82
:10B1F00020F490700290FFE702990398026842E8F9
:10B2000000100028F0D1FFE7FFE7FFE7FFE7039812
:10B21000006850E8020F4FF6FE71CEF6FF7108404D
:10B220000190FFE701990398026842E802100028A4
:10B23000EDD1FFE7FFE70398C06E012814D1FFE7C7
:10B24000FFE7FFE70398006850E8000F20F01000C8
:10B250000090FFE700990398026842E80010002878
:10B26000F0D1FFE7FFE7FFE703992020C1F888004E
:10B2700003990020C8660399086704B0704700006E
:10B2800080B582B00190FFE7FFE70198006850E8C1
:10B29000000F20F040000090FFE70099019802683D
:10B2A00042E800100028F0D1FFE7FFE701992020D5
:10B2B000C1F884000199002048670198FCF71AFC46
:10B2C00002B080BD80B592B0119000208DF837009B
:10B2D0001198006848F20001C4F20001884201D1CF
:10B2E000FFE700E0FFE7119988680B694A69C969BF
:10B2F000184310430843109011980068006846F600
:10B30000F311CCF6FF7108401099084311990968B0
:10B31000086011980068406820F44050119A116844
:10B32000D2681043486011988069109011980068A5
:10B3300048F20001C4F20001884206D0FFE71198EC
:10B34000016A109808431090FFE711980068806820
:10B350004FF2FF41C1F2FF110840109908431199C3
:10B360000968886011980068C06A20F00F00119A7F
:10B370001168526A1043C862FFE71198006843F6EB
:10B380000001C4F20101884225D1FFE741F28800A3
:10B39000C4F20200006800F0030001460A9103288D
:10B3A00014D80A99DFE801F0020A060E01208DF890
:10B3B0003D000FE002208DF83D000BE004208DF8E9
:10B3C0003D0007E008208DF83D0003E010208DF8D7
:10B3D0003D00FFE715E11198006844F20041C4F216
:10B3E000000188422AD1FFE741F28800C4F202003E
:10B3F000006800F00C00014609910C2819D8099941
:10B40000DFE801F0071717170F1717170B17171794
:10B41000130000208DF83D000FE002208DF83D0064
:10B420000BE004208DF83D0007E008208DF83D007A
:10B4300003E010208DF83D00FFE7E1E0119800687F
:10B4400044F60001C4F2000188422CD1FFE741F22A
:10B450008800C4F20200006800F030000146089144
:10B4600060B1FFE70898102810D0FFE7089820285F
:10B4700008D0FFE7089830280CD00FE000208DF8A6
:10B480003D000FE002208DF83D000BE004208DF818
:10B490003D0007E008208DF83D0003E010208DF806
:10B4A0003D00FFE7ABE01198006844F60041C4F2AC
:10B4B000000188422CD1FFE741F28800C4F202006B
:10B4C000006800F0C0000146079160B1FFE70798EF
:10B4D000402810D0FFE70798802808D0FFE707989A
:10B4E000C0280CD00FE000208DF83D000FE00220B6
:10B4F0008DF83D000BE004208DF83D0007E00820AA
:10B500008DF83D0003E010208DF83D00FFE775E069
:10B510001198006845F20001C4F2000188422FD161
:10B52000FFE741F28800C4F20200006800F44070B6
:10B530000146069178B1FFE70698B0F5807F12D0FA
:10B54000FFE70698B0F5007F09D0FFE70698B0F551
:10B55000407F0CD00FE000208DF83D000FE002206E
:10B560008DF83D000BE004208DF83D0007E0082039
:10B570008DF83D0003E010208DF83D00FFE73CE032
:10B580001198006848F20001C4F2000188422FD1EE
:10B59000FFE741F28800C4F20200006800F4406056
:10B5A0000146059178B1FFE70598B0F5806F12D09C
:10B5B000FFE70598B0F5006F09D0FFE70598B0F5F3
:10B5C000406F0CD00FE000208DF83D000FE002200E
:10B5D0008DF83D000BE004208DF83D0007E00820C9
:10B5E0008DF83D0003E010208DF83D00FFE703E0FB
:10B5F00010208DF83D00FFE7FFE7FFE7FFE7FFE7DB
:10B60000FFE7FFE71198006848F20001C4F200016B
:10B61000884240F07E80FFE79DF83D00014604919E
:10B62000082819D80499DFE801F0051709170F1742
:10B6300017171300F9F77AF90B9013E042F2004064
:10B64000C0F2F4000B900DE0F9F798F90B9009E0C7
:10B650004FF400400B9005E000200B9001208DF886
:10B660003700FFE70B98002852D0FFE70B9811999D
:10B670004A6A4DF68051C0F6000131F81210B0FB55
:10B68000F1F00C900C981199496801EB4101884246
:10B6900007D3FFE70C9811994968B0EB013F04D933
:10B6A000FFE701208DF8370031E00B9811994A68C7
:10B6B00002924A6A4DF68051C0F6000131F812201C
:10B6C000002303931946F4F763FE029A039B0902D1
:10B6D00041EA1061000210EB520041F10001F4F761
:10B6E00057FE0E900E98B0F5407F0BD3FFE70E99F2
:10B6F0000020B0EB115F05D1FFE70E9811990968A2
:10B70000C86003E001208DF83700FFE7FFE7FFE79F
:10B71000B9E01198C069B0F5004F61D1FFE79DF81D
:10B720003D000146019108281DD80199DFE801F08C
:10B7300005090D1B131B1B1B1700F9F7F7F80B90DE
:10B7400017E0F9F707F90B9013E042F20040C0F25E
:10B75000F4000B900DE0F9F711F90B9009E04FF4AC
:10B7600000400B9005E000200B9001208DF8370081
:10B77000FFE70B9898B3FFE70B98119A5168536A4B
:10B780004DF68052C0F6000232F81320B0FBF2F002
:10B79000400000EB5100B0FBF1F00E900E98102825
:10B7A00018D3FFE7BDF83A00A0B9FFE70E9820F0E4
:10B7B0000F00ADF83E000E9800F00E01BDF83E00FF
:10B7C00040EA5100ADF83E00BDF83E00119909680D
:10B7D000C86003E001208DF83700FFE7FFE751E084
:10B7E0009DF83D000146009108281DD80099DFE82A
:10B7F00001F005090D1B131B1B1B1700F9F796F829
:10B800000B9017E0F9F7A6F80B9013E042F2004016
:10B81000C0F2F4000B900DE0F9F7B0F80B9009E0DE
:10B820004FF400400B9005E000200B9001208DF8B4
:10B830003700FFE70B9820B3FFE70B98119A516888
:10B84000536A4DF68052C0F6000232F81320B0FB66
:10B85000F2F000EB5100B0FBF1F00E900E981028C2
:10B860000AD3FFE7BDF83A0030B9FFE7BDF838006A
:10B8700011990968C86003E001208DF83700FFE7DF
:10B88000FFE7FFE7FFE711990120A1F86A0011998E
:10B89000A1F86800119900200867119948679DF880
:10B8A000370012B080BD000080B58AB0DDF830C02E
:10B8B000089007918DF81B200593FFE70898006812
:10B8C000C06907990840401AB0FA80F040099DF815
:10B8D0001B10884240F09C80FFE70C980130002844
:10B8E00000F09580FFE7F7F771FE0599401A0C9973
:10B8F000884203D8FFE70C98B8BBFFE7FFE7FFE7F4
:10B900000898006850E8000F20F4D0700490FFE71A
:10B9100004990898026842E800100028F0D1FFE777
:10B92000FFE7FFE7FFE70898006850E8020F20F004
:10B9300001000390FFE703990898026842E80210AB
:10B940000028F0D1FFE7FFE708992020C1F8840024
:10B950000899C1F88800FFE70899002081F8800065
:10B96000FFE703208DF8270056E00898006800687C
:10B97000400700284AD5FFE708980068C06900F42E
:10B9800000610120B0EBD12F3FD1FFE7089801689B
:10B990004FF400600862FFE7FFE70898006850E88E
:10B9A000000F20F4D0700290FFE702990898026817
:10B9B00042E800100028F0D1FFE7FFE7FFE7FFE7CC
:10B9C0000898006850E8020F20F001000190FFE79E
:10B9D00001990898026842E802100028F0D1FFE7B8
:10B9E000FFE708992020C1F884000899C1F8880071
:10B9F0000899C1F88C00FFE70899002081F88000C1
:10BA0000FFE703208DF8270006E0FFE7FFE755E793
:10BA100000208DF82700FFE79DF827000AB080BDC1
:10BA200080B540F61C20C2F20000FBF721FA80BD71
:10BA300080B540F6AC20C2F20000FBF719FA80BDD9
:10BA400080B540F63C30C2F20000FBF711FA80BD31
:10BA5000FFE7FEE781B08DF803009DF903000028A1
:10BA60000ED4FFE79DF9031001F01F020120904062
:10BA70004A094EF20011CEF2000141F82200FFE720
:10BA800001B070474EF60C50CEF200000068C0F3D3
:10BA90000220704782B08DF8070000919DF90700E1
:10BAA00000280AD4FFE7009800019DF907104EF224
:10BAB0000042CEF2000288540BE0009800019DF88D
:10BAC000071001F00F014EF61452CEF20002885416
:10BAD000FFE702B07047000083B00290029800F0C8
:10BAE000070000904EF60C51CEF20001086801905C
:10BAF00001984FF6FF02104001900198009A40EA29
:10BB000002200022C0F2FA5210430190019808600E
:10BB100003B0704785B003908DED020A039818B901
:10BB2000FFE7002004907CE00298039908610398E5
:10BB300090ED032A90ED040A90ED061A20EE020A19
:10BB400030EE010A80ED060A039890ED060A90EDAA
:10BB5000081AB1EE411AB4EE410AF1EE10FA08DA11
:10BB6000FFE7039890ED080AB1EE400A8DED010A57
:10BB70001BE0039890ED060A90ED081AB4EE410A16
:10BB8000F1EE10FA06DDFFE7039890ED080A8DED5F
:10BB9000000A05E0039890ED060A8DED000AFFE724
:10BBA0009DED000A8DED010AFFE79DED010A039866
:10BBB00080ED060A039890F8240038B1FFE7039956
:10BBC0000020C861039981F824000DE0039890EDEE
:10BBD000031A90ED040A90ED052A30EE420A80EE39
:10BBE000010A80ED070AFFE7039908694861039895
:10BBF00090ED001A90ED012A90ED020A90ED043AC2
:10BC000090ED064A22EE042A21EE031A31EE021AC2
:10BC100090ED072A20EE020A30EE010A8DED040AAB
:10BC2000FFE79DED040A05B07047000080B582B0C3
:10BC3000019001980078012814D1FFE7019841781C
:10BC40008078002818BF0120002918BF0121484032
:10BC500080F0010240F60000C4F600000221F7F770
:10BC60009FFCFFE702B080BD80B582B001900198D3
:10BC70000078012815D1FFE70198417880780028E5
:10BC800018BF0120002918BF0121484080F001029F
:10BC900040F60000C4F600004FF40051F7F780FCB6
:10BCA000FFE701980078022814D1FFE70198417856
:10BCB0008078002818BF0120002918BF01214840C2
:10BCC00080F0010240F60000C4F600000121F7F701
:10BCD00067FCFFE701980078032814D1FFE701987B
:10BCE00041788078002818BF0120002918BF012161
:10BCF000484080F0010240F60000C4F60000042134
:10BD0000F7F74EFCFFE702B080BD000080B582B0BF
:10BD100001900198C07801280AD1FFE740F6004061
:10BD2000C4F600000421F7F723FC0199487010E0E5
:10BD30000198C07802280BD1FFE740F20040C4F61A
:10BD400000004FF40061F7F713FC01994870FFE71A
:10BD5000FFE7019948788978484001281BD0FFE720
:10BD60000198B0F90400012805DBFFE701998888F4
:10BD7000013888800EE00198B0F9040048B9FFE767
:10BD80000198022100F080FE01994FF6FF70888033
:10BD9000FFE7FFE704E001994FF4FA708880FFE7BE
:10BDA000019801784078884241D0FFE70198807877
:10BDB000012825D1FFE701984078012816D1FFE737
:10BDC0000198012100F060FE0198B0F904000138EB
:10BDD000002805D4FFE7019988880138888004E0AD
:10BDE0000198022100F050FEFFE708E001980021D1
:10BDF00000F04AFE01994FF4FA708880FFE712E0E4
:10BE00000198407828B9FFE70198012100F03CFE35
:10BE100008E00198002100F037FE01994FF4FA7014
:10BE20008880FFE7FFE7019948780870FFE702B0D4
:10BE300080BD000080B586B040F27010C2F20000F4
:10BE40000088012819D1FFE740F60000C4F6000081
:10BE5000082100220592F7F7A3FB059A41F20000A2
:10BE6000C4F600004021F7F79BFB40F27011C2F2CC
:10BE7000000108880130088058E140F27010C2F2D9
:10BE800000000088052819D1FFE740F60000C4F63D
:10BE90000000082101220492F7F782FB049A41F284
:10BEA0000000C4F600004021F7F77AFB40F2701161
:10BEB000C2F2000108880130088037E140F27010BA
:10BEC000C2F200000088072818D1FFE740F6000002
:10BED000C4F6000008210122F7F762FB41F20000DE
:10BEE000C4F6000040210022F7F75AFB40F270111F
:10BEF000C2F2000108880130088017E140F270109A
:10BF0000C2F200000088092819D1FFE740F60000BE
:10BF1000C4F60000082100220392F7F741FB039AC0
:10BF200041F20000C4F600004021F7F739FB40F26F
:10BF30007011C2F20001088801300880F6E040F27A
:10BF40007010C2F2000000880A283EDBFFE740F2D2
:10BF50007010C2F2000000880A384AF6AA22C2F61F
:10BF6000AA224AF6AB21CAF6AA2100FB0120B0F1B1
:10BF7000553F2AD2FFE740F27010C2F2000000885D
:10BF8000B0F5027F21DCFFE740F27010C2F2000042
:10BF9000029000880A3845F25651C5F2555150FBBF
:10BFA00001F000EBD07140F27000C2F2000000EB33
:10BFB000410140F27410C2F200000122F6F790FD38
:10BFC0000299088801300880B0E040F27010C2F297
:10BFD000000000880A2835DBFFE740F27010C2F24B
:10BFE000000000880A3845F25651C5F2555150FB01
:10BFF00001F101EBD17101EB4101401A012821D17E
:10C00000FFE740F27010C2F200000088B0F5027F36
:10C0100018DCFFE740F60000C4F60000082101220A
:10C02000F7F7BEFA41F20000C4F6000040210022FA
:10C03000F7F7B6FA40F27011C2F200010888013039
:10C04000088073E040F27010C2F2000000880A28F5
:10C0500035DBFFE740F27010C2F2000000880A38BA
:10C0600045F25651C5F2555150FB01F101EBD1712A
:10C0700001EB4101401A022821D1FFE740F2701084
:10C08000C2F200000088B0F5027F18DCFFE740F63E
:10C090000000C4F6000008210022F7F781FA41F2FF
:10C0A0000000C4F6000040210122F7F779FA40F2BF
:10C0B0007011C2F2000108880130088036E040F2B9
:10C0C0007010C2F20000008840F2092188421ED19F
:10C0D000FFE740F60000C4F60000082100220192AC
:10C0E000F7F75EFA019A41F20000C4F60000402121
:10C0F000F7F756FA019840F27011C2F20001088079
:10C1000040F68410C2F20000F9F774FC07E040F238
:10C110007011C2F2000108880130088006E0FFE7D4
:10C12000FFE7FFE7FFE7FFE7FFE7FFE706B080BDB8
:10C1300080B582B0019001980078012836D1FFE7E0
:10C14000019890ED010A90ED021A80EE010A10EEBE
:10C15000100A01F001FD41EC100B9FED331B53EC75
:10C16000112B51EC100B01F00BFB41EC100B51ECBF
:10C17000100B9FED2F0B53EC102B01F029FA41EC23
:10C18000100B51EC100B9FED2C0B53EC102B01F00E
:10C19000F7FA41EC100B51EC100B01F0C1FA40F62C
:10C1A0000801C2F20001096888633BE00198007849
:10C1B000022836D1FFE7019890ED010A90ED021AAE
:10C1C00080EE010A10EE100A01F0C6FC41EC100BE3
:10C1D0009FED151B53EC112B51EC100B01F0D0FA15
:10C1E00041EC100B51EC100B9FED110B53EC102B8D
:10C1F00001F0EEF941EC100B51EC100B9FED0E0B22
:10C2000053EC102B01F0BCFA41EC100B51EC100B6D
:10C2100001F086FA40F60801C2F20001096848639D
:10C22000FFE7FFE702B080BD9A9999999999B93FC4
:10C230009A9999999999993F00000000006AE840FD
:10C2400080B582B00190019800F58D70FFF75EFD1A
:10C25000019800F59070FFF759FD019800F588707E
:10C26000FFF702FD019800F21310FFF7FDFC0198A3
:10C2700000F58B70FFF7F8FC0198F830FFF758FFD6
:10C28000019800F58270FFF753FF019800F5937055
:10C29000FFF7CCFC0198283000F006F801985C30DC
:10C2A00000F002F802B080BD80B58AB0099009990B
:10C2B00001F10C00B1F90420B1F90610891A00EE61
:10C2C000101AB8EEC00AFFF725FCB0EE401A099923
:10C2D000B1F9020000EE100AB8EEC00A30EE010A11
:10C2E000BDEEC00A10EE100A48800998B0F90200AD
:10C2F0004FF24741CFF6FF71884206DCFFE74FF26D
:10C300004840CFF6FF70089013E00998B0F902009A
:10C3100040F6B931884204DBFFE740F6B8300790B9
:10C3200004E00998B0F902000790FFE70798089029
:10C33000FFE70898099948800998B0F9060048B9BC
:10C34000FFE70998B0F9040020B9FFE70999002038
:10C350004880FFE70998B0F90400012805DBFFE7F2
:10C360000998B0F90400069005E00998B0F90400B6
:10C3700040420690FFE70698092828DCFFE7099865
:10C38000B0F902004FF62321CFF6FF71884206DC98
:10C39000FFE74FF62420CFF6FF70059013E00998D1
:10C3A000B0F9020040F2DD51884204DBFFE740F2C1
:10C3B000DC50049004E00998B0F902000490FFE713
:10C3C00004980590FFE7059809994880FFE70998C8
:10C3D000B0F9021000F0FCFB09980078012819D18F
:10C3E000FFE70998B0F90200012805DBFFE709988B
:10C3F000B0F90200039005E00998B0F9020040424C
:10C400000390FFE7039840F6D011C2F200010968DB
:10C4100048635CE009980078022819D1FFE7099881
:10C42000B0F90200012805DBFFE70998B0F9020026
:10C43000029005E00998B0F9020040420290FFE73F
:10C44000029840F6D011C2F20001096888633DE00D
:10C4500009980078032819D1FFE70998B0F902007C
:10C46000012805DBFFE70998B0F90200019005E01B
:10C470000998B0F9020040420190FFE7019840F6A8
:10C48000D011C2F200010968C8631EE00998007863
:10C49000042819D1FFE70998B0F90200012805DB4B
:10C4A000FFE70998B0F90200009005E00998B0F99B
:10C4B000020040420090FFE7009840F6D011C2F21F
:10C4C000000109680864FFE7FFE7FFE7FFE70AB03C
:10C4D00080BD000080B584B003900398427E694619
:10C4E00018234B60086040F2C060C2F20000A12136
:10C4F0000123F7F7CDF904B080BD000082B00190B0
:10C500000020ADF802000198007801280CD1FFE767
:10C5100042F62441C4F201010A6847F23050121A6F
:10C52000ADF80220086034E00198007802280BD1B1
:10C53000FFE72421C4F200010A6847F23050121AC2
:10C54000ADF80220086023E00198007803280CD1A0
:10C55000FFE740F22441C4F200010A6847F230507C
:10C56000121AADF80220086011E001980078042842
:10C570000CD1FFE740F62401C4F200010A6847F23B
:10C580003050121AADF802200860FFE7FFE7FFE71E
:10C59000FFE7BDF80200019991F90810484300B285
:10C5A00002B0704782B001908DF803108DF8022020
:10C5B0009DF80200019948700199002088709DF84B
:10C5C00003000199087002B07047000082B001902A
:10C5D0008DF803108DF802209DF802000199487033
:10C5E0000199002088709DF803000199087002B03D
:10C5F0007047000082B001908DF803108DF8022082
:10C600009DF803000199C8709DF802000199887097
:10C610009DF80200B0FA80F04009019908709DF879
:10C620000200B0FA80F040090199487001994FF476
:10C63000FA70888002B0704780B586B040F66060BE
:10C64000C2F20000049000F58D70012105910022D6
:10C650000192FFF7CFFF019A049800F588710291CB
:10C6600000F5907002210391FFF7C4FF0298059A2C
:10C670001146FFF7ABFF03990498059A00F21310D7
:10C68000FFF7A4FF0498059A00F58B700321FFF7CC
:10C690009DFF0498059A00F593701146FFF782FFFD
:10C6A00006B080BD82B001900199A1200876019961
:10C6B0003420487600200090FFE70098172809DC16
:10C6C000FFE70199009A00208854FFE700980130A5
:10C6D0000090F2E702B0704780B584B040F6606029
:10C6E000C2F200000190F830012103919FED0E0A83
:10C6F00000F048F8019800F12801009100F58270DF
:10C70000022102919FED090A00F03CF8009803997C
:10C710004FF0FF3200F064F801980299039A5C3000
:10C7200000F05EF804B080BD000034430000874391
:10C7300085B001468DED040ACDED030A8DED021A98
:10C74000CDED011A8DED002A049808600398486029
:10C75000029888600198C86000980862002008610B
:10C7600048618861C861012081F8240005B07047E4
:10C7700080B582B0019001980A30FFF793FF02B0B4
:10C7800080BD000083B002908DF807108DED000A87
:10C790009DF80700029908700098029988609DED45
:10C7A000000AB0EE001A80EE010A029880ED010A3C
:10C7B00003B0704780B582B001908DF803100199E5
:10C7C0000020486008609DF80300019908720198F4
:10C7D000FFF7CEFFFFF780FFFFF72EFF02B080BD0F
:10C7E00010B58EB00D908DF833108DF832209DF875
:10C7F00033000D9908700D99002048800D998880AC
:10C800000D99C8809DF832000D9908720D9801901D
:10C8100002A89FED590ADFED590A9FED591AF7EE6C
:10C82000001AB2EE042AFFF783FF01990298039AD7
:10C83000049BDDF814C0DDF818E0079C0C62C1F819
:10C840001CE0C1F818C04B610A61C8600898099AD9
:10C850000A9BDDF82CC0C1F830C0CB628A62486206
:10C860000D980078012808D1FFE740F6D010C2F2F9
:10C8700000000021F9F7A2FF29E00D9800780228B6
:10C8800008D1FFE740F6D010C2F200000421F9F70A
:10C8900095FF1BE00D980078032808D1FFE740F6CC
:10C8A000D010C2F200000821F9F788FF0DE00D98C2
:10C8B0000078042808D1FFE740F6D010C2F200004B
:10C8C0000C21F9F77BFFFFE7FFE7FFE7FFE70D9894
:10C8D000007801280FD1FFE740F2BC70C2F20000DF
:10C8E0003C21F9F73BFB42F62441C4F2010147F237
:10C8F000305008603DE00D98007802280ED1FFE727
:10C9000040F65400C2F200003C21F9F727FB242135
:10C91000C4F2000147F23050086029E00D98007819
:10C9200003280FD1FFE740F6A000C2F200003C212F
:10C93000F9F714FB40F22441C4F2000147F23050F1
:10C94000086014E00D98007804280FD1FFE740F646
:10C95000EC00C2F200003C21F9F700FB40F6240194
:10C96000C4F2000147F230500860FFE7FFE7FFE73D
:10C97000FFE70EB010BD00BFCDCC4C3D0AD7233C25
:10C980008FC2F53C82B080B586B0099308920590BD
:10C99000049140F65C40C2F2000000900178B1FAC8
:10C9A00081F14909017008A90391017840F65D40C1
:10C9B000C2F20000019000EB0120049A039BFF21CA
:10C9C000F3F75EFD009A019902900598127801EB49
:10C9D0000221BDF808206423FAF7E0FF06B0BDE8A5
:10C9E000804002B07047000080B584B00020009005
:10C9F0000390F7F7E1F9FDF7C1FCFCF779FEFCF7CE
:10CA0000CFFDFCF76DFDFCF7C5FFFDF7C7F8FDF79F
:10CA100009F9FDF745F9FDF783F9FDF733FAFDF75D
:10CA200021F8FDF7D1FAFDF717FBFDF75DFBFDF7E8
:10CA3000A3FBFDF7B5F9FDF7F7F9FCF76FFFFCF77E
:10CA4000E5FF40F66060C2F2000002900121FFF7AE
:10CA5000B1FE009940F60800C2F200000190F9F71B
:10CA6000ADFE01980421F9F7A9FE40F63810C2F294
:10CA70000000F8F73BFF029940F6C410C885A1F802
:10CA80006200FFE7FEE7000082B001908DF803101E
:10CA90000198C07801280ED1FFE79DF80300012816
:10CAA00008D1FFE740F66061C2F20001C88D404244
:10CAB000C885FFE7FFE70198C078022810D1FFE79B
:10CAC0009DF8030001280AD1FFE740F66061C2F239
:10CAD0000001B1F862004042A1F86200FFE7FFE701
:10CAE00002B0704784B080B58AB00DF1240CCDF847
:10CAF0000CC09C4613460A4601460398CDF83CC03C
:10CB00000E930D920C910CA9049180ED000A002166
:10CB1000CDF81F10079106917B218DF81810012187
:10CB20008DF8191004228DF81A208DF81B10202181
:10CB30008DF81C1090ED000AB2EE041A20EE010AE6
:10CB4000BDEEC00A10EE100AADF81600BDF91600D1
:10CB5000B0F1FF3F03DCFFE70020029010E0BDF9D9
:10CB60001600B0F5616F04DDFFE74FF461600190DE
:10CB700003E0BDF916000190FFE701980290FFE77E
:10CB80000298ADF816009DF817008DF81D00BDF84D
:10CB900016008DF81E0000208DF81F0064208DF80F
:10CBA000200006A800900921F4F704FE009902462F
:10CBB00004988DF821207D228DF822200B220A2353
:10CBC000FAF7ECFE0AB0BDE8804004B07047000000
:10CBD00080B586B00590ADF8121005980078012850
:10CBE0002CD1FFE70599B1F9020091F908104843EB
:10CBF000012811DBFFE740F60000C4F600004FF407
:10CC000080510122F6F7CCFC4FF090404FF4806148
:10CC10000022F6F7C5FC10E040F60000C4F6000064
:10CC20004FF480510022F6F7BBFC4FF090404FF4D8
:10CC300080610122F6F7B4FCFFE78EE005980078EA
:10CC4000022829D1FFE70599B1F9020091F90810EE
:10CC50004843B0F1FF3F0FDCFFE74FF090400390F7
:10CC60004FF400610122F6F79BFC03984FF48051CA
:10CC70000022F6F795FC0EE04FF0904002904FF442
:10CC800000610022F6F78CFC02984FF480510122DB
:10CC9000F6F786FCFFE75FE005980078032828D1C7
:10CCA000FFE70599B1F9020091F9081048430128FE
:10CCB0000FDBFFE740F60040C4F6000001902021A2
:10CCC0000122F6F76DFC019840210022F6F768FC7E
:10CCD0000EE040F60040C4F6000000902021002243
:10CCE000F6F75EFC009840210122F6F759FCFFE7B9
:10CCF00031E00598007804282CD1FFE70599B1F9B7
:10CD0000020091F908104843012811DBFFE740F6C3
:10CD10000040C4F6000080210122F6F741FC40F2F9
:10CD20000040C4F6000008210022F6F739FC10E0AC
:10CD300040F60040C4F6000080210022F6F730FCE7
:10CD400040F20040C4F6000008210122F6F728FC5A
:10CD5000FFE7FFE7FFE7FFE7FFE706B080BD000062
:10CD600080B582B0019001982830FFF7C7FB019988
:10CD7000888501985C30FFF7C1FB0199A1F860003C
:10CD800001989030FFF7BAFB0199A1F8940001983F
:10CD9000C430FFF7B3FB0199A1F8C80001980A302D
:10CDA000FFF798FB02B080BD5FEA400C08BF91F02E
:10CDB000000F4FEA8C234FEAC12243EA51514FEA58
:10CDC0001C5018BF00F5F0404FEA300018BF41F08A
:10CDD00000415FEA6C5C00F02980BCF1FF3F08BFB6
:10CDE00040F080407047130C06BF12044FF0100C47
:10CDF0004FF0000C130E04BF12020CF1080C130FBD
:10CE000004BF12010CF1040C930F04BF92000CF14B
:10CE1000020CD30F04BF52000CF1010C11464FF06D
:10CE20000002A0F11F00A0EB0C00704711F0004FB2
:10CE300008BF704731F000413FF4D5AF0B0C06BF7F
:10CE400009044FF0100C4FF0000C0B0E04BF090248
:10CE50000CF1080C0B0F04BF09010CF1040C8B0F33
:10CE600004BF89000CF1020CCB0F04BF49000CF188
:10CE7000010CCCF1200322FA03F341EA030102FA88
:10CE80000CF2A0EB0C0000F10100704723F07F478B
:10CE900020F07F4C80EA030000F00040ACEB070379
:10CEA00003F57C5303F1FF032DE9804909B44FEAF0
:10CEB000144324EA03484FEA154B25EA0B4E0FF2C0
:10CEC000042606EB13273E7803FB0667C7F5000729
:10CED00007FB06F64FEAD64606F102064FEA54373C
:10CEE00007FB066CCCF1005C4FEA1C472CEA074CB0
:10CEF0000CFB06F507FB06F404EB15464FEA961605
:10CF000049085FEA320234BF00204FF000404FEA88
:10CF1000D13706FB07FC4FEA1C4C0CFB0BF7D21B6E
:10CF200003FB0CF761EB07010CFB0EF7B0EB0740BE
:10CF300072EB17420CFB08F734BFA2EB0742B2EBCF
:10CF4000074261EB17414FEA0C444FEA910706FB99
:10CF500007FC4FEA1C4C0CFB0BF7B0EBC74072EB25
:10CF6000573203FB0CF734BFA2EBC742B2EBC74208
:10CF700061EB57310CFB0EF7B0EBC70072EB577249
:10CF80000CFB08F734BFA2EBC702B2EBC70261EBA0
:10CF900057714FEA816141EA92114FEA826242EA97
:10CFA00090124FEA806004EBCC04039F4FEAD13724
:10CFB00006FB07FC4FEA1C4C0CFB0BF7D21B03FBD8
:10CFC0000CF761EB07010CFB0EF7B0EB074072EBBF
:10CFD00017420CFB08F734BFA2EB0742B2EB074243
:10CFE00061EB17414FEA8C5504EB9C244FEA910703
:10CFF00006FB07FC4FEA1C4C0CFB0BF7B0EBC740E1
:10D0000072EB573203FB0CF734BFA2EBC742B2EB13
:10D01000C74261EB57310CFB0EF7B0EBC70072EB68
:10D0200057720CFB08F734BFA2EBC702B2EBC70282
:10D0300061EB57714FEA816141EA92114FEA8262D6
:10D0400042EA90124FEA806015EB4C2544F100044F
:10D050004FEAD13706FB07FC4FEA1C4C0CFB0BF7E1
:10D06000D21B03FB0CF761EB07010CFB0EF7B0EBD7
:10D07000074072EB17420CFB08F734BFA2EB0742E4
:10D08000B2EB074261EB17414FEA813141EA92412D
:10D090004FEA823242EA90424FEA80304FEA0C7601
:10D0A00015EB1C1544F1000448EA03434EEA0B4813
:10D0B0004FF0000EB2EB080C71EB030724BF624681
:10D0C00039464EEB0E0E4FF0000B0018524149410D
:10D0D0004BEB0B0BB2EB080C71EB03077BF1000B76
:10D0E00024BF624639464EEB0E0E4FF0000B00187F
:10D0F000524149414BEB0B0BB2EB080C71EB0307B0
:10D100007BF1000B24BF624639464EEB0E0E51EA0E
:10D11000020718BF46F0010616EB0E7655F1000225
:10D1200054F1000103D5BDE88901BDE80088BDE8E0
:10D130008901BDE80048B619524141EB0101A3F154
:10D140000103704780807F7E7D7C7B7A797877765B
:10D1500076757473727171706F6E6E6D6C6C6B6AD4
:10D160006A69686867666665646463636261616072
:10D17000605F5F5E5E5D5D5C5C5B5B5A5A595958EF
:10D180005857575656555555545453535252525159
:10D19000515050504F4F4F4E4E4D4D4D4C4C4C4BAF
:10D1A0004B4B4A4A4A4949494848484747474746F6
:10D1B0004646454545444444444343434342424232
:10D1C000424141419C46002B30D477002BD04FEA9E
:10D1D00037071CB503B44FF010004FF01001BAF13F
:10D1E000000F06D0BCF1000FDCBF40F0080040F09B
:10D1F00008014FF000000FBCBDE810400BF1010B1F
:10D20000BBF1010F08BF5FEA170722BF12F101024D
:10D2100011F101014FF0004143F1000300F0004023
:10D2200043EA00007047F9D35708D0E746EA0646BC
:10D230004FEA164613F1400F1FDD13F1200FDFBF39
:10D2400016430A46002120335B42BED0C3F12007BB
:10D2500046EA06464FEA164602FA07F746EA070686
:10D2600022FA03F2C3F1200701FA07F742EA0702A4
:10D2700021FA03F14FF00003A7E746EA020646EA67
:10D2800006464FEA164646EA0106BCBF46EA06468F
:10D29000360C4FF000034FF000024FF0000194E70E
:10D2A0002DE9804C70B49A46934691E8380007C83F
:10D2B00031EA400C48BF34EA430C03D5FFF7E6FDE2
:10D2C000FFF780FFF0BCBDE8008C2DE9804C70B406
:10D2D0009A46934691E8380007C810F0804F08BF7F
:10D2E00013F0804F03D100F005F8FFF76BFFF0BC9F
:10D2F000BDE8008C20F07F4723F07F4C80EA0300DC
:10D3000000F0004007EB0C03A3F57C53A3F1FE03F0
:10D3100092F0000F00F0B38095F0000F00F07780DE
:10D320002DE901494FEA114021EA00484FEA14462D
:10D3300024EA064700FB06FC08FB06F607FB08F894
:10D3400018EB06484CEB164C00FB07F718EB0748A8
:10D350004CEB17404FEA124B22EA0B4E4FEA1546B0
:10D3600025EA06470BFB06FC0EFB06F607FB0EFE46
:10D370001EEB064E4CEB164C0BFB07F71EEB074E55
:10D380004CEB174B18EB0B0840F1000018EB0E0BA1
:10D3900058EB000840F100008F1A4FF000014FF0E9
:10D3A00000063CBFC943661B14BFB5EB040C00214B
:10D3B0003CBFC943F61B4FEA174427EA04454FEA2E
:10D3C0001C472CEA074C04FB076205FB07F70CFB24
:10D3D00005F616EB074642EB174204FB0CFC16EB76
:10D3E0000C4642EB1C421BEB060658EB0202414185
:10D3F0004EEA8E0E46EA9E0601D5BDE80189B619B1
:10D40000524141EB0101A3F10103BDE801894FEA5B
:10D41000144524EA05464FEA114721EA074C05FB6B
:10D4200007F406FB07F70CFB06F111EB074144EB91
:10D43000174405FB0CFC11EB0C4144EB1C444FEA78
:10D44000124722EA074C05FB07F206FB07F70CFB25
:10D4500006F616EB074642EB174205FB0CFC16EBF3
:10D460000C4642EB1C456A1854F1000148BF704756
:10D47000B619524141EB0101A3F10103704795F048
:10D48000000F37D04FEA114221EA02464FEA144713
:10D4900024EA074C02FB07F106FB07F70CFB06F436
:10D4A00014EB074441EB174102FB0CFC14EB0C445A
:10D4B00041EB1C414FEA154725EA074C02FB07F5F3
:10D4C00006FB07F70CFB06F616EB074645EB174580
:10D4D00002FB0CFC16EB0C4645EB1C42121951F1F9
:10D4E000000148BF7047B619524141EB0101A3F159
:10D4F000010370474FEA144524EA05464FEA1147F5
:10D5000021EA074C05FB07F106FB07F70CFB06F2C7
:10D5100012EB074241EB174105FB0CFC12EB0C42EE
:10D5200051EB1C414FF0000648BF7047921841EB89
:10D530000101A3F10103704703B401984100009871
:10D5400050EAC12018BF04204A0D18BF40F0010066
:10D5500040F2FF72B2EB515F08BF40F002000128B9
:10D5600008BF052002B0704730380A2801D20120D8
:10D57000704700207047000010B500290AD00878D5
:10D58000002807D005487844F3F7E2FF002801D0CF
:10D59000002010BD0248784410BD00003E08000085
:10D5A0003608000010B500290AD00878002807D0F6
:10D5B00005487844F3F7CCFF002801D0002010BDC7
:10D5C0000248784410BD0000220900001A0900003A
:10D5D00010B591EA030F48BF83F0004300F1D681F4
:10D5E000841A71EB030C05D2121943EB0C03001BD8
:10D5F00061EB0C014FEA1154A4EB135CDFF81CE162
:10D600001EEA430F18BF9EEA445F00F0748021EACF
:10D61000045123EA0E0343F48013DCF1200E32D3CD
:10D6200022FA0CFE10EB0E0023FA0CFE41EB0E0169
:10D63000CCF1200E03FA0EFE10EB0E00CCF1200E02
:10D6400051F10001B1F5801F32D201EB045112FA01
:10D650000EF2BDE8104058BF7047401C38BF5FEA6B
:10D66000420218BF7047002814BF20F0010041F1AA
:10D6700000014FEA410313F5001F38BF7047A1F1C5
:10D68000C04100F075B9012A43EB0302ACF1200C54
:10D69000DCF11F0E32BF4FF0000E23FA0CF310EB3B
:10D6A000030041EB0451B4EB115FD0D0A1EB045166
:10D6B00001F58011490801EB04515FEA30000ED3F7
:10D6C00050F1000038BF12FA0EFE08D1BDE810403C
:10D6D000C9E7401C38BF5FEA4202CAD1C3E7BDE8D0
:10D6E00010404FEA410313F5001F38BF7047A1F106
:10D6F000C04100F03DB99EEA445F08D011EA5E0FD8
:10D70000BDE8104004BF01F0004100207047BDE8B3
:10D71000104070B500F0DEF864FBBE3E0000E0FF94
:10D720004FEA41034FEA5353A3F58063D3F11E033D
:10D73000C8BFD3F1210C0CDD4FF0004242EAC122F8
:10D7400042EA505232FA03FC8CEAE17CACEBE17025
:10D750007047102BC4BF0020704703F5787CBCF1E4
:10D76000FF3F04D06FF0004282EA2100704770B59D
:10D7700000F0B0F84992248000207047F2E70000E2
:10D7800070B5DFF848C11CEA111E1EBF1CEA131554
:10D790009EEA0C0F95EA0C0F00F06F8081EA0304FB
:10D7A0004EEAD47EAE4421EA4C1123EA4C1341F4F4
:10D7B000801143F48013AEF17F7EA1FB024CA0FBED
:10D7C0000365361955EB0C05A1FB034C4CF1000326
:10D7D000A0FB021C16EB0C06654153F10003094245
:10D7E00018BF46F0010613F4007F0BD14FEA033156
:10D7F0004FEA053041EA155140EA165034036FF004
:10D8000003020AE04FEAC3214FEAC52041EA55511D
:10D8100040EA5650F4026FF0020202EB2E4201EB96
:10D82000025585EACE710AD05FEA440C18BF24F095
:10D83000004450F1000041F1000120EAD47040F2B0
:10D84000FE7C624500D270BDA84214BF4FF08044F8
:10D850004FF04044002E08BF0024BEF1806FA8BFE7
:10D86000A1F1C041BDE8704080F2828001F1C04169
:10D8700001F000414FF0000070470CEA13159EEADA
:10D880000C0F18BF95EA0C0F06D081EA030E4FF07B
:10D8900000000EF0004170BD00F01CF88900013E50
:10D8A00000F007B800F009B84FEA430C5FEA5C5C8F
:10D8B00008D081EA030100F05BB84FEA410C5FEA4F
:10D8C0005C5CF6D102494FF0000070470000FF0792
:10D8D0000000F87F0EF1020E2EF0030E5EF8046BCE
:10D8E000364205D4012A43EB030515F5001F12D873
:10D8F000012841EB010C1CF5001F0CD80ED14FEA9A
:10D90000D17C0CEB4C0C0CF1020C15F5001F08BF80
:10D910004CEBD37C04E04FF0080C01E04FEAD37CE1
:10D920000CEB4C0526FA05F606F00706B6F1040CDA
:10D9300006D20EEB860CBDE870404CF0010C60473F
:10D94000DFE80CF0090B02024FF00041A1F50021C5
:10D950004FF0000070BD19461046012851EB01043C
:10D9600018BFD4F5001484BF002001F0004170BD41
:10D970000808A0F500114FEA3101704710B591EA8F
:10D98000030F48BF83F000433FF52AAE841A71EBC2
:10D99000030C07D28CF0004C121943EB0C03001B54
:10D9A00061EB0C014FEA1154A4EB135CDFF8A4E126
:10D9B0001EEA430F18BF9EEA445F00F0B48021EADC
:10D9C000045123EA6E035242C3EB6E0338BF5B1E61
:10D9D000DCF1200E25D322FA0CFE10EB0E0043FAE8
:10D9E0000CFE41EB0E01CCF1200E03FA0EFE10EB03
:10D9F0000E00CCF1200E51F1000129D401EB0451AD
:10DA000012FA0EF2BDE8104058BF7047401C1CBF10
:10DA1000B2F1004F704700280CBF491C20F00100F4
:10DA2000704712EB020E43EB030218BF4FF0010EDA
:10DA30004EEA4202ACF1200CDCF11E0E56D943FA3C
:10DA40000CFE10EB0E00CCF11E0E51F1FF31D5D5BE
:10DA50000EF1010E12FA0EFE404141EB010101EB05
:10DA6000445C5FEA5C5C10D901EB045110EBDE70A2
:10DA700038BFBEF1004FBDE8104018BF7047002806
:10DA80000CBF491C20F00100704734D24FEAD42C5F
:10DA900024F4006411F500111BD0B1FA81F20B3AA5
:10DAA000A41AA41ED2F12003914030FA03F31943C3
:10DAB000904001EBCC7101EB0451002CBDE810400B
:10DAC000A8BF704701F1C04101F000414FF00000D4
:10DAD0007047B0FA80F310FA03F102D1BDE81040AC
:10DAE0007047E41A173C4805C90AE2E701EB045104
:10DAF000BDE81040704749104FEA300001EB045177
:10DB0000BDE8104002E04FF0000170474A0008BF36
:10DB10000042F8D0B2F5001F28BF704701F0004165
:10DB20004FF0000070479EEA445F07D011EA5E0F95
:10DB3000BDE8104004BF002100207047BDE8104040
:10DB400070B5FFF7C7FE00BF40DFF63E104683F01A
:10DB5000004170470000E0FF43004FEAD30C4FEA5A
:10DB60003C0C43401FBF40070CF1605113F0FE4FC7
:10DB700070471CF0006F03D10CF00041002070478B
:10DB80000CF0004343EA507040EACC0010B500F0BE
:10DB90000EF800BF000000924FEA0001FFF7E8BE58
:10DBA0004FF00041A1F500214FF0000070470EF149
:10DBB000020E2EF0030E5EF8044B244204D44FEA0A
:10DBC0004102B2F17F4F11D84FEA4003B3F17F4FCA
:10DBD0000CD80ED14FEAD07C0CEB4C0C0CF1020CA3
:10DBE000B2F17F4F08BF4CEBD17C04E04FF0080C42
:10DBF00001E04FEAD17C0CEB4C0324FA03F404F06F
:10DC00000704B4F1040C06D20EEB840CBDE81040FE
:10DC10004CF0010C6047DFE80CF0070802024FF0FF
:10DC20000040A0F5800010BD0846420018BFD2F1A8
:10DC3000807288BF00F0004010BDF1EE100A4FF670
:10DC4000FF71C0F2C03120EA010040F04070E1EE07
:10DC5000100A7047F3F792B8F3F7C6B90000000056
:10DC60000000000030313233343536373839414224
:10DC7000434445464030580030313233343536372E
:10DC800038396162636465664030780004000008DA
:10DC900000000000000000020001000010303132DE
:10DCA00033343536373839616263646566787000BD
:10DCB00030313233343536373839414243444546C2
:10DCC0005850000002400000000000A000000000CA
:10DCD00005400000000000C8000000000C400000EB
:10DCE0000000409C00000000194000000020BCBE65
:10DCF0000000000034400000BFC91B8E000000047B
:10DD0000B5400000504BCFD06607E2CF01000000C5
:10DD10006C4100003E8251AADFEEA73401000000F2
:10DD2000D9420000DCB5A0E23A301F97FFFFFFFFA9
:10DD3000B4450000FD25A0C8E9A3C14FFFFFFFFFC8
:10DD4000FF3F00000000008000000000FF3F0000D7
:10DD50000000008000000000000000000000000043
:10DD60000102030406070809000000000102030481
:10DD70000804020408010101010101030701000078
:10DD8000010002000400060008000A000C00100058
:10DD90002000400080000001253564202535640DF9
:10DDA0000A000000F0DE0008000000201000000063
:10DDB0003C02000800DF0008100000208815000069
:10DDC0005C0200081001000043000000F8FFFFFFA4
:10DDD000004040404040404040404141414141407E
:10DDE0004040404040404040404040404040404033
:10DDF00040050202020202020202020202020202C2
:10DE000002202020202020202020200202020202C6
:10DE1000020290909090909010101010101010101E
:10DE2000101010101010101010101010020202022A
:10DE3000020288888888888808080808080808086E
:10DE4000080808080808080808080808020202026A
:10DE50004000000000000000000000000000000082
:10DE600000000000000000000000000000000000B2
:10DE700000000000000000000000000000000000A2
:10DE80000000000000000000000000000000000092
:10DE90000000000000000000000000000000000082
:10DEA0000000000000000000000000000000000072
:10DEB0000000000000000000000000000000000062
:10DEC0000000000000000000000000000000000052
:10DED000000000001C00000043000000F8FFFFFFEE
:10DEE0000C0000000E0000000F0000002E000000DB
:10DEF0000024F400010000001000000000000000F9
:04000005080001D915
:00000001FF
